Baseline,transformer,mobilevit,lstm,gru
0,0,0,0,0
1.17E-05,1.17E-05,1.17E-05,9.00E-06,5.8473136270717E-06
1.52E-05,1.52E-05,1.52E-05,1.17E-05,7.6012265879439E-06
1.84E-05,1.84E-05,1.84E-05,1.41E-05,9.19598601751755E-06
2.15E-05,2.15E-05,2.15E-05,1.66E-05,1.07653633012225E-05
2.45E-05,2.45E-05,2.45E-05,1.89E-05,1.22674524516464E-05
2.75E-05,2.75E-05,2.75E-05,2.12E-05,1.37628898998562E-05
3.05E-05,3.05E-05,3.05E-05,2.35E-05,1.52547279623796E-05
3.35E-05,3.35E-05,3.35E-05,2.58E-05,1.67424381890335E-05
3.65E-05,3.65E-05,3.65E-05,2.80E-05,1.82264383015453E-05
3.94E-05,3.94E-05,3.94E-05,3.03E-05,1.97043552856016E-05
4.23E-05,4.23E-05,4.23E-05,3.26E-05,2.11721088426007E-05
4.53E-05,4.53E-05,4.53E-05,3.48E-05,2.26398172204037E-05
4.82E-05,4.82E-05,4.82E-05,3.71E-05,2.41180367048486E-05
5.12E-05,5.12E-05,5.12E-05,3.94E-05,2.55897639845909E-05
5.41E-05,5.41E-05,5.41E-05,4.16E-05,2.70499513108207E-05
5.70E-05,5.70E-05,5.70E-05,4.38E-05,2.84999185897177E-05
5.99E-05,5.99E-05,5.99E-05,4.60E-05,2.9927108309349E-05
6.27E-05,6.27E-05,6.27E-05,4.82E-05,3.13610821074915E-05
6.57E-05,6.57E-05,6.57E-05,5.05E-05,3.28388101190258E-05
6.79E-05,6.79E-05,6.79E-05,5.22E-05,3.39260453130061E-05
6.73E-05,6.73E-05,6.73E-05,5.18E-05,3.36484081883917E-05
6.70E-05,6.70E-05,6.70E-05,5.15E-05,3.34786661800292E-05
7.46E-05,7.46E-05,7.46E-05,5.74E-05,3.73133090051365E-05
8.13E-05,8.13E-05,8.13E-05,6.25E-05,4.06384819595414E-05
8.42E-05,8.42E-05,8.42E-05,6.48E-05,4.21023027931551E-05
8.70E-05,8.70E-05,8.70E-05,6.69E-05,4.34934648049989E-05
8.98E-05,8.98E-05,8.98E-05,6.90E-05,4.48773816766227E-05
9.25E-05,9.25E-05,9.25E-05,7.12E-05,4.62575632184126E-05
9.53E-05,9.53E-05,9.53E-05,7.33E-05,4.76340206001959E-05
9.80E-05,9.80E-05,9.80E-05,7.54E-05,4.90145170303022E-05
0.00010084420986,0.000100846612786,0.000100846926029,7.75750778723077E-05,5.0424292709E-05
0.000102903614842,0.000102906072932,0.000102906396556,7.91592893392308E-05,5.1454027308E-05
0.000102356983842,0.000102358954251,0.000102359206873,7.87382405276923E-05,5.11802007305E-05
0.000101961999454,0.00010196337074,0.000101963532034,7.84337121338462E-05,5.0982081576E-05
0.000109244874188,0.000109247364288,0.000109247693324,8.40371780992308E-05,5.4624599026E-05
0.000115728217541,0.00011573169511,0.000115732175317,8.90254721384615E-05,5.78672186645E-05
0.000118585405757,0.00011858910974,0.000118589624294,9.12235507861539E-05,5.92960029725E-05
0.000121299437115,0.000121303364617,0.000121303912824,9.33115050323077E-05,6.0653205294E-05
0.000124002133965,0.000124006291678,0.000124006874266,9.53907467638462E-05,6.2004744573E-05
0.00012668162334,0.000126686014147,0.000126686631203,9.74521385261538E-05,6.33446804435E-05
0.000129307820156,0.000129312436196,0.000129313086034,9.94725256023077E-05,6.4657959544E-05
0.000131241535135,0.000131246177183,0.000131246826887,0.00010096000505,6.56247962445E-05
0.000130701393664,0.000130705247069,0.000130705762231,0.000100543584059,6.53538888065E-05
0.000130347692,0.000130350654454,0.000130351015536,0.000100270457209,6.5176093814E-05
0.000137399460042,0.00013740407184,0.000137404696568,0.000105696748607,6.8703559187E-05
0.000142905531794,0.0001429113004,0.000142912108722,0.000109933478548,7.1457682287E-05
0.000142497173592,0.000142502036985,0.000142502685721,0.000109618287002,7.12525380955E-05
0.000142264989138,0.000142268885106,0.000142269361724,0.000109438539962,7.11354160255E-05
0.000149127699996,0.000149133427839,0.000149134200801,0.000114719606681,7.4568520234E-05
0.000155111177025,0.000155118432269,0.000155119451517,0.000119323989937,7.75617008105E-05
0.00015777723954,0.000157784793958,0.000157785853113,0.000121375110785,7.8894955697E-05
0.000160314446631,0.000160322294055,0.000160323392,0.000123327105069,8.0163776979E-05
0.000162844245158,0.000162852392123,0.00016285352937,0.000125273406128,8.142889719E-05
0.000164704851298,0.000164713006784,0.000164714133079,0.000126704608478,8.2359128906E-05
0.000164172744485,0.000164179755072,0.000164180672333,0.000126293938375,8.2091855468E-05
0.000163782983787,0.000163788735326,0.00016378942158,0.000125992629926,8.1895634863E-05
0.000168510857232,0.000168517832336,0.000168518710329,0.000129630801187,8.4260682159E-05
0.000173315616809,0.000173323877845,0.00017332495787,0.000133328183888,8.66642277425E-05
0.000177967618438,0.000177977189621,0.000177978476648,0.000136908088985,8.8991419011E-05
0.00018141434083,0.000181424685976,0.000181426088374,0.000139560242947,9.07154411025E-05
0.000180945120469,0.000180954153044,0.000180955311004,0.000139197743805,9.0479428611E-05
0.000180565654117,0.000180573260075,0.00018057415186,0.000138904151934,9.02881748605E-05
0.000187195737087,0.000187205921836,0.000187207236824,0.000144007099663,9.36056395695E-05
0.000193008188033,0.000193020521751,0.000193022185816,0.000148480605351,9.65138585575E-05
0.00019547910192,0.000195491780965,0.000195493483603,0.000150381637565,9.77495363485E-05
0.000197844255614,0.00019785727994,0.000197859021385,0.000152201316672,9.8932335783E-05
0.000200325390748,0.000200338843567,0.000200340637465,0.000154110305206,0.000100173203879
0.000202799281699,0.000202813171889,0.000202815019012,0.000156013729201,0.000101410454611
0.00020526066203,0.000205274997737,0.000205276898772,0.000157907536839,0.000102641454273
0.000207045242324,0.000207059597664,0.000207061477882,0.000159280239973,0.000103533631407
0.000206528772126,0.000206541567203,0.000206543150892,0.000158881095364,0.000103273726139
0.000206222289882,0.000206233473701,0.000206234749325,0.000158643415647,0.00010311875482
0.000212628901392,0.000212643130176,0.000212644904025,0.000163574965663,0.000106324883855
0.000217598921813,0.000217615230766,0.000217617334801,0.00016740034068,0.000108811765389
0.000217197771445,0.000217212439987,0.000217214228699,0.000167089801651,0.00010860942455
0.000216903625311,0.000216916599682,0.000216918062345,0.000166861509896,0.000108460529856
0.000223200238099,0.000223216432282,0.000223218420675,0.000171708632299,0.000111611805938
0.000228671970515,0.000228690807452,0.000228693220755,0.000175920569804,0.0001143500714
0.000231060953701,0.000231080261257,0.000231082723716,0.000177758689768,0.000115544850542
0.000232756365481,0.000232775680708,0.000232778112372,0.000179062767338,0.000116392395806
0.000232243171935,0.000232260693683,0.00023226277961,0.000178665860747,0.000116133875647
0.000231900253938,0.000231915917694,0.000231917643642,0.000178399854577,0.000115960418145
0.000238131959479,0.000238151160776,0.000238153462196,0.000183197389183,0.000119079510132
0.000243528507947,0.000243550598184,0.000243553361596,0.000187351753026,0.000121780385544
0.000245873784542,0.000245896395191,0.000245899211102,0.000189156294349,0.000122953333583
0.000247505510719,0.000247528115587,0.000247530893286,0.000190411354291,0.000123768999759
0.000246995335904,0.000247016023489,0.000247018428888,0.000190016618722,0.000123511852596
0.000246614311084,0.000246632988023,0.000246635001604,0.000189721114985,0.000123319176036
0.00025271844661,0.000252740919051,0.000252743546558,0.000194420789362,0.000126374690622
0.00025805332527,0.000258078940648,0.000258082067822,0.000198527981928,0.000129044937218
0.000260309505648,0.000260335647774,0.00026033882289,0.000200263979142,0.000130173315558
0.000262471780429,0.000262498450962,0.000262501675419,0.000201927746424,0.000131254748529
0.000264746236408,0.000264773558347,0.000264776852526,0.000203677943903,0.000132392386142
0.000266994680729,0.000267022645814,0.000267026007288,0.000205408120249,0.000133517005036
0.000269164994255,0.000269193543244,0.000269196960771,0.000207078126068,0.000134602496666
0.000271334799216,0.000271363948949,0.000271367424485,0.000208747757127,0.000135687745577
0.000273529975934,0.000273559770886,0.000273563311167,0.000210436952665,0.000136785718461
0.000275717802466,0.000275748251941,0.000275751857565,0.000212120501947,0.000137880020253
0.000277897005033,0.000277928118031,0.000277931789572,0.000213797424863,0.000138970013889
0.000280061672029,0.000280093450131,0.000280097186854,0.000215463165552,0.000140052736315
0.000282195206789,0.000282227629967,0.000282231427327,0.000217104932687,0.000141119868125
0.00028432392484,0.000284357004591,0.000284360863544,0.000218743004831,0.000142184597614
0.000286455637819,0.000286489394315,0.000286493317314,0.000220383400727,0.000143250838865
0.000288579173812,0.000288613614881,0.000288617602226,0.000222017512578,0.00014431299401
0.000290691168287,0.000290726298415,0.00029073034983,0.000223642748511,0.000145369377596
0.000292797437524,0.000292833267237,0.000292837383478,0.000225263589388,0.000146422903497
0.000294901459911,0.000294938003929,0.000294942186473,0.000226882715626,0.000147475314897
0.000296417537096,0.000296454157356,0.000296458294841,0.000228048851691,0.000148233137967
0.000295913914232,0.000295948286596,0.0002959519758,0.000227658739982,0.000147978880911
0.000295530390837,0.000295562440386,0.000295565663968,0.000227360916334,0.000147784582161
0.000299249637603,0.000299284006866,0.000299287559493,0.000230224297866,0.000149646070242
0.000303371347741,0.000303408513603,0.000303412474566,0.00023339779658,0.000151709229499
0.000307369434067,0.00030740939714,0.000307413768685,0.000236476206208,0.000153710586876
0.00031089245461,0.000310934801695,0.000310939515252,0.000239188721095,0.000155474029736
0.000312981264364,0.000313024402074,0.000313029185404,0.000240796204752,0.000156518860708
0.00031446217047,0.000314505422383,0.000314510159635,0.000241935308888,0.000157259099512
0.00031396564965,0.000314006539608,0.000314010802953,0.000241550518266,0.000157008262983
0.000313585587517,0.000313624048452,0.000313627821518,0.000241255222942,0.000156815570053
0.0003189664135,0.000319009642233,0.000319014154856,0.00024539947158,0.000159510118663
0.000323996112862,0.000324043711998,0.000324048894605,0.000249273170654,0.000162028718899
0.000326069768552,0.000326118198948,0.000326123449888,0.000250869020025,0.000163065970935
0.000328027321368,0.000328076548415,0.000328081864526,0.000252375528261,0.000164045152393
0.000329969370417,0.00033001939154,0.000330024771207,0.000253870104412,0.000165016573901
0.000331918944407,0.000331969785558,0.000331975232004,0.000255370494838,0.000165991776579
0.000333922575599,0.000333974328673,0.00033397985646,0.000256912567879,0.000166994089095
0.000335910103796,0.000335962766496,0.000335968374067,0.000258442248241,0.000167988342387
0.000337854766731,0.000337908300372,0.000337913979999,0.000259938908813,0.000168961121248
0.00033979194234,0.000339846356009,0.000339852108114,0.000261429817022,0.000169930159611
0.000341723182712,0.000341778486163,0.000341784311212,0.000262916167345,0.000170896233819
0.000343153483956,0.000343209002188,0.00034321478369,0.00026401641856,0.000171611197036
0.000342672215353,0.00034272523727,0.000342730510469,0.000263643182498,0.000171367814662
0.000342388865107,0.000342439464152,0.00034244423591,0.000263422258698,0.000171223434348
0.000347567449883,0.000347623343602,0.000347628921213,0.000267411459092,0.000173817234373
0.000352170708409,0.000352231126073,0.000352237377054,0.000270957232558,0.000176122640496
0.000354163343126,0.000354224758591,0.000354231089909,0.00027249090032,0.000177119460609
0.000356053859274,0.000356116238187,0.000356122647237,0.000273945985787,0.000178065204971
0.000357937446494,0.000358000798454,0.00035800728569,0.000275395748861,0.000179007488266
0.000359302979708,0.000359366558341,0.000359372995752,0.000276446169694,0.000179690040155
0.000358826462203,0.000358887477857,0.000358893389611,0.000276076499382,0.000179448946911
0.000358544426284,0.000358602967195,0.000358608362055,0.000275856512498,0.000179305148125
0.000363643708337,0.000363707886946,0.000363714131526,0.000279785053212,0.000181859543954
0.000368079070902,0.000368147927684,0.000368154858282,0.000283201809828,0.000184081077866
0.000369968796356,0.000370038659478,0.000370045662476,0.000284656300717,0.000185026406937
0.000371772305261,0.000371843154145,0.000371850229584,0.000286044457892,0.000185928625608
0.000373618068279,0.000373689990149,0.000373697151521,0.000287465212267,0.000186852046602
0.000374979580981,0.000375051834274,0.000375058955001,0.000288512634703,0.000187532646328
0.000374505368558,0.000374575006066,0.000374581586287,0.00028814466435,0.000187292632508
0.000374135425565,0.000374202409527,0.000374208436206,0.000287856841298,0.000187104687286
0.000377582542273,0.000377652907276,0.000377659387623,0.000290511923327,0.000188830826705
0.000381102350855,0.00038117621833,0.000381183168786,0.000293223046402,0.000190593405022
0.000384507777473,0.000384585122928,0.000384592543804,0.000295846167948,0.000192298790459
0.000387002603838,0.000387082086815,0.000387089757165,0.000297767346054,0.000193547655515
0.000386573292762,0.000386650139362,0.000386657259306,0.000297433876077,0.000193330045624
0.000386205221219,0.000386279376084,0.000386285931754,0.000297147439699,0.0001931429833
0.000391054373022,0.000391134558328,0.000391142003418,0.000300883934942,0.000195572544966
0.000395371959217,0.000395457326545,0.000395465517447,0.000304210585311,0.000197735533184
0.000397183771559,0.000397270300351,0.000397278572902,0.000305605270406,0.000198641970131
0.000398466415519,0.000398553317305,0.000398561543906,0.00030659203818,0.000199283117227
0.00039799971461,0.000398083927955,0.000398091593734,0.000306229745567,0.000199046759176
0.000397700514679,0.000397782133595,0.000397789246808,0.000305996384355,0.000198894203317
0.000400997335635,0.000401082558254,0.000401090143506,0.000308536049337,0.000200545308068
0.000404322867971,0.000404411749461,0.000404419811761,0.000311097849643,0.000202210798859
0.000407539928842,0.000407632437761,0.000407640976931,0.000313576189102,0.0002038220489
0.000409926935025,0.000410021741746,0.000410030541184,0.000315414562948,0.000205017074996
0.000409502615955,0.000409594731558,0.00040960296305,0.000315084851801,0.000204801876252
0.000409137146293,0.000409226525176,0.000409234176083,0.000314800345443,0.000204616037081
0.000413766487451,0.000413862179189,0.000413870743292,0.000318368003366,0.000206935837325
0.000417885053325,0.000417986172792,0.000417995501674,0.000321541772351,0.000208999433005
0.000419638905013,0.000419741337885,0.000419750759208,0.000322892001791,0.000209876960977
0.00042129716894,0.00042140085938,0.000421410369022,0.000324168654382,0.000210706668633
0.000422938304885,0.000423043242339,0.000423052837305,0.000325432116557,0.000211527796808
0.000424576171384,0.000424682370601,0.000424692052043,0.000326693076627,0.000212347297678
0.000426217408887,0.000426324898141,0.000426334669442,0.00032795665757,0.000213168503767
0.000427853013789,0.000427961803181,0.0004279716647,0.000329215913382,0.000213986896612
0.00042948176787,0.000429591865868,0.000429601817717,0.00033046990524,0.000214801865757
0.000431096558285,0.000431207958867,0.000431217998746,0.000331713145645,0.000215609841477
0.000432675040975,0.000432787693538,0.000432797811729,0.000332928397452,0.000216399610953
0.000434259859334,0.000434373794524,0.000434383994628,0.000334148552788,0.000217192569306
0.000435897304465,0.000436012647447,0.000436022948679,0.000335409324655,0.000218011948063
0.00043753021297,0.000437646975661,0.000437657378617,0.000336666616292,0.000218829062934
0.000439157857829,0.000439276051807,0.000439286557193,0.000337919868527,0.000219643550892
0.000440770503978,0.000440890123264,0.000440900728951,0.000339161573626,0.000220450528748
0.000442343442712,0.000442464428723,0.000442475123852,0.000340372666653,0.000221237594123
0.000443914090676,0.000444036460528,0.000444047246644,0.000341582013027,0.000222023523711
0.00044549825934,0.000445622062152,0.000445632945975,0.000342801810475,0.000222816251818
0.000447077522393,0.000447202769273,0.000447213751293,0.000344017843052,0.000223606530969
0.000448652782474,0.000448779485207,0.000448790566054,0.000345230805901,0.000224394813198
0.000450221755891,0.000450349924427,0.000450361104508,0.00034643894053,0.000225179955383
0.000451784305599,0.000451913949751,0.000451925229461,0.000347642141407,0.000225961888944
0.000452959645786,0.000453089992683,0.000453101244455,0.000348546635198,0.000226549515811
0.000452508007836,0.00045263566763,0.000452646335066,0.000348195871822,0.000226320589544
0.00045218226567,0.000452307322108,0.000452317409289,0.000347942017699,0.000226154641652
0.000456357527295,0.000456489319972,0.000456500335365,0.000351160699781,0.000228247521847
0.000460155355163,0.000460293144205,0.000460304966114,0.000354088232012,0.000230151014879
0.000461788013461,0.000461927464592,0.000461939401575,0.000355345527203,0.000230968100189
0.000463322323821,0.000463463347646,0.000463475392108,0.00035652709083,0.000231735964296
0.000464809579614,0.000464952097118,0.000464964235121,0.000357672368982,0.000232480225216
0.000466292227426,0.000466436251882,0.000466448484415,0.000358814113985,0.000233222188643
0.000467776598924,0.000467922156676,0.000467934486709,0.000359957210308,0.000233965031441
0.0004692176754,0.000469364693405,0.000469377107735,0.000361066919052,0.000234686155117
0.00047051808845,0.000470666277016,0.000470678727121,0.000362068103402,0.000235336680876
0.000471823499692,0.000471972874807,0.000471985360963,0.000363073143829,0.000235989709217
0.000473551719167,0.000473703242995,0.000473715918932,0.000364404470099,0.00023685499125
0.000475277919909,0.000475431615186,0.000475444483348,0.00036573426508,0.00023771927844
0.000476736976553,0.00047689226844,0.000476905235865,0.000366857935082,0.000238449480905
0.000478178782453,0.000478335667488,0.000478348733565,0.000367968331392,0.000239171054781
0.000479610815645,0.000479769294694,0.000479782458325,0.000369071207883,0.000239887737357
0.000481037900023,0.000481197983367,0.000481211244913,0.000370170285368,0.000240601948655
0.000482460388603,0.000482622086894,0.000482635446731,0.000371265835692,0.00024131386532
0.000483879233513,0.000484042560311,0.000484056019307,0.000372358594502,0.000242023966108
0.000485296908388,0.00048546188494,0.000485475445257,0.000373450473154,0.00024273349494
0.000486303658757,0.00048646937382,0.000486482887762,0.000374225257344,0.00024323674754
0.000485860332863,0.000486023451282,0.000486036380361,0.000373880948654,0.000243011992512
0.000485510625643,0.000485671197105,0.000485683537801,0.000373608677725,0.00024283403711
0.000489379679897,0.00048954736308,0.00048956064562,0.000376592098365,0.000244773924768
0.000492933674919,0.000493107791476,0.000493121906211,0.000379332422991,0.000246555678071
0.000494432502885,0.00049460849637,0.000494622731699,0.000380486928942,0.000247305904478
0.000495848796419,0.000496026587419,0.000496040939132,0.000381577883244,0.000248014833582
0.00049725731879,0.000497436914932,0.000497451383325,0.000382662865588,0.000248719879596
0.000498649809205,0.000498831196286,0.000498845778104,0.000383735497568,0.000249416892583
0.000500003466167,0.000500186568706,0.000500201250686,0.000384778172218,0.000250094416713
0.000500967807443,0.000501151726612,0.000501166364412,0.000385520391955,0.000250576486717
0.000500529080866,0.000500710455482,0.000500724510796,0.000385179663016,0.000250354051794
0.000500204691326,0.000500383639531,0.000500397118971,0.000384926981471,0.000250188832324
0.000502849080763,0.000503032638745,0.000503046641549,0.000386965575369,0.000251514092266
0.000505517500116,0.000505705733547,0.000505720264221,0.00038902270921,0.000252851396984
0.000508096667209,0.000508289499622,0.000508304555624,0.000391011130186,0.000254144053546
0.000510360570801,0.000510557368315,0.000510572858817,0.000392756378272,0.000255278568292
0.000511711283685,0.000511909924819,0.000511925522068,0.00039379689077,0.000255954669111
0.000513023844743,0.000513224295833,0.000513239997903,0.000394808028375,0.000256611680645
0.000514330673813,0.000514532942956,0.00051454874985,0.000395814762156,0.000257265827402
0.000515633178998,0.000515837276892,0.000515853188987,0.000396818177988,0.000257917815529
0.00051693127757,0.000517137215275,0.000517153233014,0.000397818212643,0.000258567604007
0.000518228805938,0.000518436603378,0.000518452728575,0.000398817826745,0.000259217118657
0.000519535772578,0.000519745476021,0.000519761714697,0.00039982474781,0.000259871386929
0.000520453761225,0.000520664422669,0.000520680624431,0.000400531425189,0.00026033033536
0.000520020293049,0.000520228504917,0.000520244130605,0.00040019482243,0.000260110575419
0.00051966676989,0.000519872589635,0.00051988763514,0.000399919742803,0.000259930776653
0.000523383777213,0.000523597446067,0.000523613498823,0.000402786865826,0.000261795045037
0.000526592879602,0.000526813158512,0.000526830024124,0.000405261952488,0.000263404285075
0.000527911886962,0.000528134155554,0.000528151130848,0.000406278180862,0.000264064567766
0.000529158446342,0.000529382616776,0.00052939969747,0.000407238610604,0.000264688594804
0.000530402621887,0.000530628710341,0.000530645897696,0.000408197220734,0.000265311438107
0.000531639286926,0.000531867295023,0.000531884587974,0.000409150051804,0.000265930521512
0.000532859104983,0.000533089010265,0.000533106403966,0.000410089895862,0.000266541155874
0.000534085367561,0.000534317207108,0.0005343347059,0.000411034733428,0.000267155037911
0.000535355077488,0.000535588988854,0.000535606612843,0.000412013136889,0.000267790756275
0.000536612143132,0.000536848115217,0.000536865861506,0.000412981798909,0.000268420137572
0.000537834467165,0.000538072429104,0.000538090285674,0.000413923657594,0.000269032082453
0.000539053425988,0.000539293391755,0.000539311359727,0.000414862939933,0.000269642351969
0.000540275943746,0.000540517945275,0.0005405360284,0.000415804991109,0.000270254422902
0.000541493864152,0.000541737911209,0.000541756109814,0.000416743513232,0.000270864198134
0.000542706861776,0.000542952963565,0.000542971277951,0.000417678255528,0.00027147151475
0.000543566138255,0.000543813380685,0.000543831668116,0.000418339917932,0.000271901180662
0.000543140453612,0.000543385405122,0.000543403130891,0.00041800944751,0.000271685404832
0.000542842905706,0.000543085784852,0.000543102968441,0.000417777740528,0.000271533818133
0.000545207222214,0.000545455089029,0.00054547279893,0.000419601151599,0.000272719108661
0.000547592224444,0.000547845147908,0.000547863388346,0.00042144053166,0.000273914771199
0.000549896540559,0.000550154420577,0.000550173187962,0.000423217769752,0.000275070060453
0.000551614331246,0.000551875692595,0.00055189477152,0.000424542282167,0.00027593088164
0.000551220077411,0.000551479240306,0.000551497764331,0.000424236068988,0.000275730866457
0.000550872680452,0.000551129684599,0.000551147650913,0.000423965918349,0.000275554272194
0.000553175531126,0.000553437552879,0.000553456040827,0.000425742055392,0.000276708812655
0.000555500760343,0.000555767872857,0.000555786886761,0.000427535466632,0.000277874572597
0.000557747213304,0.000558019312808,0.000558038848908,0.000429268202145,0.000279000912889
0.000559435600584,0.000559711255255,0.000559731106426,0.000430570155034,0.000279847059606
0.000559042647503,0.000559316151004,0.000559335452134,0.000430264987198,0.000279647725053
0.000558690404615,0.000558961786495,0.000558980533059,0.000429991142387,0.000279468728726
0.00056197524261,0.000562254608007,0.000562274320588,0.000432525805495,0.000281116739574
0.000564535566515,0.000564820936044,0.000564841312692,0.000434501032732,0.000282400815931
0.000564176459089,0.000564459769189,0.000564479602018,0.000434221977634,0.000282218446471
0.000563830099316,0.000564111335674,0.000564130619624,0.000433952705498,0.000282042425499
0.00056603574677,0.000566322053285,0.000566341851501,0.000435654086132,0.000283148338328
0.000568263551143,0.000568555003111,0.000568575319875,0.000437372571805,0.000284265359972
0.000570415972213,0.000570712460422,0.000570733291744,0.000439032987485,0.000285344656572
0.000572041140523,0.000572341264916,0.000572362411043,0.000440286363608,0.000286159204841
0.00057165070522,0.000571948764961,0.000571969370355,0.000439983215426,0.000285961186217
0.000571305436842,0.000571601484871,0.000571621548165,0.000439714842461,0.000285785752147
0.000574489680414,0.000574793830914,0.000574814858395,0.000442172199117,0.000287383474435
0.000577252233439,0.000577563314684,0.000577585129663,0.000444303930632,0.000288769368214
0.000578377213925,0.000578690636038,0.000578712570631,0.00044517116805,0.000289332736775
0.00057943849183,0.000579754143981,0.00057977619307,0.000445989316552,0.000289864215119
0.000580496062379,0.000580813954241,0.000580836118112,0.000446804620448,0.000290393842566
0.000581223933285,0.000581543129605,0.000581565266286,0.000447365310817,0.000290757831122
0.000580806949686,0.000581124108866,0.000581145711719,0.000447041778141,0.00029054657568
0.000580462695503,0.000580777933761,0.000580799003932,0.000446774271183,0.000290371706492
0.000583563732376,0.000583887132164,0.000583909158749,0.000449167641121,0.000291927798235
0.000586264218603,0.000586594643864,0.000586617456978,0.000451251689238,0.000293282668085
0.000587354329134,0.000587687161259,0.000587710094945,0.000452092150214,0.000293828616329
0.000588382459453,0.000588717584341,0.000588740633674,0.000452884845506,0.000294343535935
0.000589408908955,0.000589746344126,0.000589769510679,0.000453676263708,0.000294857625002
0.000590431692219,0.000590771447086,0.000590794731132,0.000454464868733,0.000295369883656
0.000591450810132,0.000591792894075,0.000591816295884,0.000455250661237,0.000295880312332
0.000592150014372,0.000592493498963,0.000592516879004,0.000455789378982,0.000296230007486
0.000591735981136,0.000592077545099,0.000592100404606,0.000455468229165,0.000296020306874
0.000591388464608,0.000591728221573,0.000591750560544,0.000455198321295,0.000295843880536
0.000594443987888,0.000594792135287,0.000594815444173,0.00045755686859,0.000297377311039
0.00059703895468,0.000597394146417,0.000597418226351,0.000459559719328,0.000298679353098
0.000598059615735,0.000598417216188,0.000598441406912,0.000460346733202,0.00029919053285
0.000599026201286,0.000599386107462,0.00059941040606,0.000461092074635,0.000299674647121
0.000600010934596,0.000600373224618,0.000600397641298,0.000461851454918,0.000300167893672
0.000600723111406,0.000601086981919,0.00060111139653,0.000462400323645,0.000300524192704
0.000600311669678,0.000600673713272,0.0006006976185,0.000462081259665,0.000300315854011
0.000599963626298,0.00060032396065,0.00060034735685,0.000461811042557,0.000300139232714
0.000602899136344,0.000603267779054,0.000603292117299,0.000464077143446,0.000301612516851
0.000605132077937,0.000605506929316,0.000605531901592,0.000465800594382,0.000302732795279
0.000604759983202,0.00060513316725,0.000605157640929,0.000465511932082,0.000302544203214
0.000604396095711,0.000604767600645,0.000604791570647,0.000465229561745,0.000302359689713
0.000605793404118,0.000606168577607,0.00060619279997,0.000466307517049,0.000303060027167
0.000608033256847,0.000608414703357,0.000608439546956,0.000468036292818,0.000304183711289
0.000610217299112,0.000610604914223,0.000610630375389,0.000469722058575,0.000305279458727
0.000612074955383,0.000612467808534,0.000612493770951,0.000471155831512,0.000306211343906
0.00061301795676,0.000613413270765,0.000613439345377,0.000471883146159,0.000306683709646
0.000613634645525,0.00061403144508,0.000614057496789,0.000472358444675,0.000306992156511
0.000613226542821,0.00061362163491,0.000613647193104,0.000472042071439,0.000306785579591
0.000612893183005,0.000613286738413,0.000613311809845,0.000471783323932,0.000306616429542
0.000615637278607,0.000616038963477,0.000616064929685,0.000473901938732,0.000307993763974
0.000617808271219,0.000618216321792,0.00061824292677,0.000475577853781,0.000309083113633
0.000617455875084,0.000617862406965,0.000617888530207,0.000475304488488,0.000308904471794
0.0006171428993,0.000617548006593,0.000617573658678,0.000475061537158,0.000308745602479
0.000618993591219,0.000619404110689,0.000619430255681,0.000476490046406,0.00030967399266
0.000620861952605,0.000621277963239,0.000621304605035,0.000477932210322,0.000310611246927
0.000622665215733,0.00062308657281,0.000623113706069,0.000479324188562,0.000311515907057
0.00062394704432,0.000624372147985,0.000624399556922,0.000480313427878,0.000312158625803
0.000623566508067,0.000623990085535,0.000624017018272,0.000480018426348,0.0003119659391
0.000623237939247,0.000623660115036,0.000623686577956,0.000479763499188,0.000311799283041
0.000625896935365,0.000626327292067,0.00062635463898,0.00048181665786,0.000313134025041
0.000628223877597,0.000628661383266,0.000628689466721,0.000483613313168,0.000314301911602
0.000629086344362,0.00062952635255,0.000629554533778,0.000484278666732,0.000314733948837
0.00062990055644,0.0006303429483,0.000630371223452,0.000484906812048,0.000315141823682
0.000630822592322,0.000631267740975,0.000631296161602,0.000485618283132,0.000315603901095
0.000631742032998,0.00063218995046,0.000632218517223,0.000486327767276,0.000316064685057
0.000632654002383,0.000633104686521,0.0006331333995,0.000487031502722,0.000316521732854
0.000633265230274,0.000633717732587,0.000633746456348,0.000487502908697,0.000316827649035
0.000632864767128,0.000633315816611,0.000633344079997,0.00048719266702,0.000316625078085
0.000632522205312,0.00063297195177,0.00063299975774,0.000486927071459,0.000316451491838
0.00063508860004,0.0006355465385,0.000635575213226,0.000488908960621,0.000317739856768
0.000637362032512,0.000637827240799,0.000637856653989,0.000490664535352,0.000318881007018
0.000638254369049,0.000638722382635,0.000638751929523,0.000491353158498,0.000319328182375
0.000639090973106,0.000639561640281,0.000639591314083,0.000491998791849,0.000319747438678
0.000639917611944,0.000640390919756,0.000640420717876,0.000492636743828,0.00032016169811
0.000640740210006,0.000641216165248,0.000641246087791,0.000493271591998,0.000320573938218
0.000641556529709,0.00064203513234,0.000642065178341,0.00049390160778,0.000320983034341
0.00059715939444,0.000597602816131,0.000597633348733,0.000459728086189,0.000298782236331
0.000344188558542,0.000344230398438,0.000344265090485,0.00026488161196,0.000172264558081
0.000110817136483,0.000108313431569,0.000108364180302,8.37321933769231E-05,5.53226770165E-05
0.000105302972083,9.80E-05,9.80E-05,7.61E-05,5.153354853E-05
0.000250421890081,0.000244402102777,0.000244320959233,0.000188449058645,0.000124043324388
0.000265918867316,0.000256806839785,0.000256656719358,0.000198150429055,0.000131063081577
0.000272592239687,0.000259199937703,0.000258950768728,0.000200208405561,0.000133384968782
0.00079904985978,0.000789687099723,0.000789485724509,0.000607934120039,0.000397315738926
0.001258927757169,0.001248848985154,0.001248618916465,0.000961133838199,0.000627011290003
0.001489750596772,0.001477087011979,0.001476789622898,0.001136801082861,0.000741744089953
0.001693077581115,0.001677143106169,0.001676761403763,0.001290817839758,0.000842549084653
0.001881264287108,0.001861594240501,0.001861116069476,0.001432847563675,0.000935656536152
0.002059067997011,0.002035175076709,0.002034587435141,0.001566532804693,0.001023438134174
0.002238855353541,0.002210295074238,0.002209586095664,0.001701417740949,0.001112088150765
0.002407300966548,0.002373555471918,0.002372711120838,0.001827197982665,0.001194923660021
0.002570200102061,0.002530789784962,0.002529797210509,0.001948359787815,0.001274852728427
0.002695621814322,0.002649773946284,0.002648612130677,0.002040125979498,0.001335831496077
0.00270939497756,0.002655439208053,0.002654062735404,0.002044785891214,0.001340538216091
0.002719877073983,0.002657027475691,0.002655414001356,0.002046336655359,0.001343381972715
0.003022124426916,0.00295391524345,0.002952162687111,0.002274907963937,0.001493038565702
0.003290835154704,0.003216508735419,0.003214596439144,0.002477126799203,0.001625721850586
0.0034164656884,0.003333552239256,0.00333141294315,0.002567476461276,0.001686204154666
0.003644093115875,0.003553533930801,0.003551192493275,0.002736968471275,0.001797919554016
0.004276887116934,0.004183601272063,0.004181189222501,0.003221713656937,0.002113499870255
0.004893020103128,0.004794639526104,0.004792094761188,0.003691912005413,0.002420113634613
0.005560398752495,0.005454793681946,0.005452063686266,0.004199973887695,0.002751766541947
0.006178538545441,0.006062840595902,0.006059850914949,0.004668054148683,0.003057995250729
0.006854667189117,0.006727296113065,0.006724009847823,0.005179583192197,0.003392760086697
0.007483341666057,0.007341719166048,0.007338068582826,0.005652709099497,0.003703045295793
0.008110671736742,0.007952728101974,0.007948662130307,0.006123279026992,0.004012046273734
0.008696499008847,0.008519769208169,0.008515222815113,0.006560102015202,0.004299553002335
0.009277564855747,0.009080010388157,0.009074934075618,0.006991761635838,0.004584061450796
0.00982643124052,0.00960568101182,0.009600013269057,0.007396898358142,0.004851740422434
0.010391711885788,0.010146042498713,0.010139748059045,0.007813402633826,0.005127105555863
0.010920559820081,0.010647545070794,0.010640559541917,0.008200080838769,0.005383491031968
0.011416364767664,0.011113569933648,0.011105828146636,0.008559532765603,0.005622584019573
0.011797032095787,0.011460481845141,0.011451874333098,0.008827470824309,0.005802889562474
0.011857700643175,0.011479089059227,0.011469382235891,0.008843114172842,0.005820726161074
0.011921272789177,0.011497565705968,0.011486673839713,0.008858738814381,0.005839059059378
0.012837449210205,0.012386090120684,0.01237455523092,0.009543175311612,0.006288832896691
0.013568294843261,0.013083673370107,0.013071327619102,0.01008087819288,0.006644230848406
0.013645833340646,0.013109943323084,0.013096255602212,0.01010268346166,0.006667584483891
0.013704548263643,0.013113238761814,0.013098092332278,0.010106930919706,0.006680230117694
0.016525438946003,0.015947337880817,0.015932761194494,0.012286728534332,0.008094175309551
0.01906545751241,0.018479400461602,0.018464783478737,0.014234825491095,0.009361440128375
0.020310309332739,0.019678891621016,0.019663231322281,0.01515902320562,0.009969954135135
0.021422041800809,0.020734160672126,0.020717189757453,0.015972598789276,0.010508389779483
0.022622018879682,0.02187384929044,0.021855536504147,0.016851300764336,0.011089746518193
0.023739193957914,0.022923435712281,0.022903594863337,0.017660847416935,0.011627225110085
0.024781284854576,0.023890687288964,0.02386913239266,0.018407206683462,0.012124671782761
0.025610327727333,0.024633917548216,0.024610358904639,0.018981486695661,0.012511935669051
0.025763490104296,0.024677227611718,0.024651005319442,0.019017964836387,0.012553559584801
0.025903654168831,0.024698907481363,0.024669800202609,0.019037991321438,0.01258571278787
0.027910613431005,0.026640275563367,0.026610027732327,0.020533742443871,0.013568152031736
0.029501373120627,0.028148100889991,0.028116192244479,0.021696322451607,0.014336737457772
0.029696102944708,0.028208235336751,0.028173142548669,0.021746396663357,0.014390543109748
0.029848800101265,0.028214923550894,0.028176357365201,0.021755617571027,0.014419427061729
0.031072318270131,0.029328176836884,0.02928743888392,0.022615685343475,0.014995633824169
0.032268462910931,0.030409133367965,0.030366079723862,0.023450970376204,0.015556326780338
0.033412407519812,0.031430127981045,0.031384545790047,0.024240272940063,0.016088178598114
0.034411141559118,0.032293865751991,0.03224544009351,0.024908889204208,0.016543345835316
0.035068026954858,0.032794320743872,0.032742500215432,0.025298646293708,0.016820610633055
0.035604160588149,0.033160893173387,0.033105299531734,0.025585656448065,0.017032924375233
0.035821852911785,0.033184970937623,0.033124845257816,0.025609602421234,0.017077775028296
0.036072460961416,0.033235005747686,0.033170139028163,0.025653643978075,0.017136572539976
0.039067050532054,0.036179697799609,0.036114876284467,0.027921471903535,0.018616845402053
0.041951521404,0.038992058446895,0.038926602062685,0.030087918932074,0.02003458177581
0.044616791651422,0.041550897026843,0.041483896943354,0.032060112217329,0.02133111888951
0.046711671036003,0.043489496137296,0.043419632985089,0.033556295825102,0.02232558707073
0.047095823964866,0.043609958203033,0.043534276585694,0.033656339768526,0.022428845826417
0.047398769897291,0.043623400349361,0.04354125085622,0.033674563738352,0.022482349301316
0.04989506656715,0.045950564371513,0.045866150426846,0.035471210941482,0.023673882443004
0.052322956571151,0.048194434442156,0.048107306909361,0.037203881687917,0.024825537464526
0.054619486644239,0.050282522232521,0.05019205044214,0.038817114698166,0.025902635376987
0.056641382509947,0.052062911447851,0.051968318333679,0.040194386170863,0.0268307869834
0.05804510226647,0.053171204872055,0.053071283563138,0.041056185090739,0.027431691690472
0.059370833352569,0.054179432205799,0.054073749702417,0.04184152007679,0.027985560280117
0.060659305026503,0.05513364969692,0.05502201009765,0.042585959867904,0.028514976371569
0.061743575510768,0.055853561645598,0.055735119438871,0.04315055947835,0.028931135798506
0.062218656775322,0.055900695980147,0.055773469842736,0.043198452621716,0.029019803643685
0.062692330489302,0.055926626024762,0.055790050737786,0.043230326116549,0.02910030926904
0.064768821284733,0.057684339972383,0.057543378523156,0.044594091176444,0.03002912388242
0.066786891854029,0.059366195146018,0.059220359702008,0.045899688074529,0.030922024610891
0.068696577751628,0.060910133160282,0.060758697131502,0.047099719546393,0.031749840482104
0.070269995863102,0.062064932157761,0.061906430202232,0.048001235793359,0.032390268802225
0.070886896357322,0.062145535639643,0.061976354038651,0.048078132861025,0.032510270655904
0.071520391591789,0.062217747119888,0.062037234766176,0.048149013358235,0.03262913123267
0.07518093308375,0.065628873322432,0.065447945002236,0.050785178533036,0.034372521045026
0.0781695590949,0.068271675004951,0.06808720596627,0.052831418546109,0.03574492694234
0.078935826504363,0.068416654889038,0.06822008961795,0.052960292455921,0.035907829988754
0.079667675193697,0.068485158398371,0.068275477873525,0.053031185532974,0.036037951113049
0.082862760948567,0.07129605005977,0.071083799369417,0.055210312260975,0.037501641889864
0.085783314622868,0.073777910504218,0.073561384031984,0.057136830968972,0.038807527490692
0.087573798067103,0.074962499660859,0.074736730533794,0.058068166877987,0.03948831388048
0.089277624530286,0.076018407451898,0.075782469694466,0.058901412760144,0.040110075953358
0.090942241583899,0.077006326771723,0.076759953838877,0.059683693840005,0.040702299966134
0.092570570371654,0.077927481049383,0.07766998092112,0.060415240156123,0.041264750123245
0.094189801560633,0.07881728636756,0.078548887114094,0.061124666826483,0.041816181127122
0.095779090827418,0.079647427406295,0.079367299498609,0.061788556232228,0.04234091961589
0.097343087762073,0.080423437356253,0.080130732706174,0.062411125224382,0.042841605129054
0.098878538264463,0.081142212460313,0.080836266521168,0.062990431420075,0.043317344792276
0.100376577480039,0.081796469009853,0.081477247883095,0.063522138161777,0.043766169933874
0.101756662956195,0.082285766202915,0.081951628926389,0.063927290839768,0.044137813391305
0.102793868156824,0.082340245816235,0.081987597986241,0.063998256242371,0.044302855637872
0.103866615374722,0.082407247076756,0.082035242985683,0.064079162412321,0.044476693446481
0.107365328279064,0.085364863637858,0.084992015404989,0.066381453990986,0.046034985638545
0.110531578328915,0.087891252969139,0.087514243093332,0.068353193037182,0.047390415037951
0.112682677558752,0.089149757308499,0.088760579809713,0.069353859117286,0.048146866380108
0.114567474661861,0.090038345013993,0.089633894948555,0.070071573738619,0.048731480367575
0.115823274439446,0.090122857877273,0.089696989559699,0.070172780693774,0.048936763823096
0.117112734425362,0.090205126074175,0.089756663317631,0.070272799834636,0.04914490458345
0.120114432224146,0.092378917863986,0.091925187859553,0.071983586947949,0.050354310860083
0.122906704245131,0.094264962454885,0.093803149454772,0.073473656220731,0.051428995971144
0.124966941431239,0.095205641861807,0.094728609423616,0.074240046885884,0.052060132583413
0.126981706911452,0.09604716727241,0.095553367772209,0.074931018906864,0.052647743443045
0.128977746934721,0.096828842221197,0.096316975539716,0.075576382338359,0.053209546930476
0.130954627589795,0.097551835201766,0.097020948141313,0.076177797485902,0.053747076179286
0.132910708137317,0.098220410313661,0.097670729590429,0.076740670202806,0.054264813299578
0.134851186211033,0.098834792069498,0.09826513872948,0.077262801312723,0.054760198100138
0.136771512696239,0.099394377023119,0.098804371101845,0.077745164879139,0.055234533085447
0.138685833010678,0.099913030613919,0.099301509645399,0.078196886318833,0.055692673040406
0.140594111949443,0.100397141852424,0.09976411394835,0.078624804159365,0.05613974928068
0.14253701729849,0.100894241912336,0.100238965845205,0.079063272261325,0.056595644913049
0.14462195844325,0.101550683170318,0.100874534320965,0.079625428386551,0.057129532664579
0.146623410420882,0.102058730308385,0.101358823977921,0.080073827096773,0.057596578269963
0.148342614269827,0.102141187295956,0.10141076398173,0.080195332871337,0.057868007013441
0.1500682532591,0.102190073505054,0.101427273613372,0.080291572048233,0.058127345905284
0.152597775771819,0.103347351763759,0.102572257031774,0.081250500903169,0.058915528555304
0.155044339122177,0.104356979222676,0.10356652097525,0.082095919226944,0.059636744920146
0.157155012743047,0.104851898244286,0.104037298764198,0.082545677119899,0.060121743887611
0.159252887798114,0.105287531850598,0.104447243331812,0.082951354166573,0.060583483909034
0.161346020378334,0.105685279503873,0.104819084688362,0.083331006021675,0.061033291475672
0.163440329022599,0.106048203111433,0.105154688378316,0.08368503083724,0.06147052443036
0.165534906787525,0.106383054495791,0.105462218270071,0.084020883450989,0.061900692681197
0.167632400765376,0.10668701378907,0.105737366569869,0.084334045500642,0.062320005598417
0.16972836917388,0.106960980038126,0.105982296299997,0.084627337425226,0.062731107780435
0.171828534661557,0.107207500596477,0.106198334747874,0.084900666627659,0.063133010225321
0.173925934082419,0.10742389008648,0.106384087140763,0.085154234652071,0.063526839920665
0.176029301188921,0.107616834477564,0.106545007390396,0.085390990569276,0.063913364843545
0.178130743341332,0.107782746306973,0.106678895032509,0.085610643974168,0.064293498863239
0.180237135561206,0.107918921824701,0.106780298397844,0.085806782552058,0.064661568964062
0.18233408101848,0.107994624269586,0.106816088896072,0.085953111785585,0.065001047242491
0.184441935472264,0.108051322705351,0.106830620398922,0.086084986890779,0.065334435326671
0.186327982110991,0.107813300650335,0.10656052002307,0.086021324075718,0.065569110208289
0.18825324116513,0.107598402544068,0.106311113101417,0.085974098821165,0.065815019817455
0.190270236344207,0.107483437607378,0.106157076213737,0.085995294525514,0.066098814824439
0.192335090736661,0.107420287689298,0.106053142600062,0.086054348752802,0.066405355402804
0.194503984724969,0.10748856708025,0.106078414430448,0.08620799374842,0.066765619519347
0.196679299805385,0.107542602964812,0.106087520691353,0.08635108278089,0.067121743218184
0.198393707219419,0.106900519840824,0.10540301358471,0.085999033716614,0.067211419504129
0.200172048674822,0.106329352359271,0.104788339893645,0.085701059870894,0.067334590284048
0.202196624379766,0.106135122277996,0.104552729700319,0.085680989700535,0.067613476959221
0.204243646213366,0.105965267505334,0.10434009230038,0.085679287791871,0.067903972353101
0.206306499604693,0.105803859475032,0.104134182131957,0.085684205020282,0.068199870571044
0.208414238426649,0.10569858717355,0.103983334543909,0.085730649734794,0.068520178226446
0.210641341863999,0.105771817050873,0.104011473086408,0.085907878973743,0.068913359778448
0.212874793756837,0.105832877001645,0.104025330180082,0.086076009160553,0.069302991376979
0.214644484583778,0.105139908134983,0.103284183241092,0.085712086479399,0.069413396547669
0.216530614290817,0.104609826416696,0.102704937151071,0.085467083077408,0.069590518891568
0.218783171453379,0.104673147901537,0.102721564609396,0.08564777185959,0.069995432546732
0.221040327227829,0.104728747583786,0.102728294991495,0.085822588948922,0.070398207543424
0.222876285051511,0.10407611373395,0.102024632385049,0.085501653805435,0.070545072280628
0.224782693011538,0.103519699640763,0.101416813972692,0.08525285740034,0.070733451806416
0.22692839269687,0.103377241683329,0.101229244529303,0.085306122838579,0.071084051123649
0.229089292990394,0.103248230930784,0.101053403186269,0.085369353034946,0.071440894656741
0.231261803195027,0.103120929759445,0.100877176675605,0.085434042052873,0.071799766531048
0.233470014952203,0.103039816606451,0.100746135822606,0.08553249325502,0.072177661383112
0.235776713593011,0.103122091292581,0.100780432201377,0.085749593298417,0.072619099368135
0.238087545484348,0.10318786439359,0.100795673914187,0.085954567535694,0.073055280761982
0.240153349937399,0.102820184247841,0.100377997264194,0.085867252606558,0.073347841143343
0.242233801416926,0.102451150727167,0.099956454902848,0.085780043298495,0.07364234290741
0.244332236859943,0.102096638493126,0.099547319396659,0.085704047905616,0.073943947603201
0.246495879286281,0.101848686632267,0.099244587549269,0.085704408645874,0.074285869975647
0.248840175900318,0.101929976072189,0.099276149148081,0.085938288506673,0.074747862845842
0.251184502063348,0.10199116511378,0.099284955085434,0.086157669323919,0.07520323125556
0.25319166823471,0.101415292430331,0.098650091452359,0.085943664509295,0.075445860487708
0.25526165749478,0.100936603798613,0.098112403344346,0.085800329920516,0.075726289671901
0.257521110015601,0.100822314113814,0.097946741628086,0.085915051664832,0.076137707583569
0.259789984607744,0.100716561432627,0.097788136271693,0.086036618279193,0.076553257916965
0.262050862035525,0.100592839960498,0.097612578946289,0.086151351571375,0.076968029477707
0.264320418205259,0.100474210596421,0.097441289075398,0.086271793151835,0.077386981529953
0.266594043008963,0.100366695792893,0.097284378623056,0.08640773093663,0.077816805325822
0.268877908933162,0.100260336530029,0.097126238197628,0.0865445030803,0.07824760830352
0.27117192244821,0.100153804934315,0.096965366267346,0.086681093654495,0.078678904789331
0.273475285318136,0.100051191228006,0.096807379261638,0.086822401364585,0.079113793971508
0.275785016770947,0.099964415107775,0.096669190909525,0.086983243292495,0.079561690767483
0.278121379391144,0.099912539437282,0.096564602160638,0.087168349196239,0.080022098472583
0.280535634849041,0.100007127549879,0.096609849085051,0.087455723139419,0.080533519698539
0.282956157506354,0.100087526232333,0.096637585884961,0.087732466951525,0.081040196665428
0.285104577146558,0.099595180733195,0.096081157767566,0.087631768614259,0.081369294684406
0.287306082331105,0.099191376031874,0.09561385118794,0.087593988905192,0.081730385196623
0.289662791769844,0.099118817693118,0.095489246273819,0.087785914399815,0.08220364663752
0.292027799151323,0.099051945101793,0.095368808987684,0.087982673799661,0.082679686154711
0.294392647721532,0.098979468355455,0.095243815836966,0.088180871611969,0.083158405766535
0.296763367767616,0.098904623710722,0.095115079082187,0.088379144500578,0.083637981689058
0.2991269503312,0.098818700409557,0.094979046727995,0.088579110522435,0.084121454034864
0.301500428705494,0.098733656239808,0.094841128031579,0.088779295337596,0.084605133681352
0.303883892830557,0.098649943156195,0.094701657899079,0.088979869293772,0.085089061290423
0.30627330584553,0.098565315545463,0.094560030609561,0.089181720737495,0.085574389875264
0.308657431774281,0.098473343197608,0.094414730268365,0.089387549887555,0.086064475354451
0.311068535210458,0.098425441773605,0.094313138368536,0.089623248952052,0.086568967178533
0.313548609719768,0.098525652698369,0.094365906384435,0.089960407425805,0.087122307382445
0.316036386387683,0.098616144242464,0.094405278178518,0.090289758578087,0.087672026158376
0.318287162667498,0.098155311431646,0.093875154905416,0.090266839961019,0.08806094514777
0.320551496000159,0.097702498702641,0.093349813340987,0.090250292401372,0.088453234473712
0.322830529271311,0.097279359594735,0.09285220990447,0.090253857251709,0.08885436679366
0.325162274616803,0.096987847250912,0.092491156001067,0.090346295661538,0.089296817816339
0.327644181247509,0.0970807145555,0.092537195531011,0.090697749879792,0.089860913420978
0.330129198689426,0.097167472724926,0.092573820618662,0.091043646186002,0.09042194698168
0.332302577484496,0.096487569891661,0.091806882849892,0.090898569113191,0.090758777403987
0.334526099829756,0.095918652794773,0.091154760680087,0.09082982343185,0.091131735842297
0.336910110173686,0.095775560338341,0.090955748886603,0.091045410169742,0.091636725793808
0.339299550776994,0.095649160926972,0.090772544803615,0.091272357933129,0.092146381524871
0.341682476008058,0.095515496797002,0.090584072638953,0.091500962289789,0.092658234742977
0.344068586006227,0.095385313624055,0.090398155642236,0.091733622739882,0.093172120207084
0.346442540078053,0.095243621319091,0.090206396197098,0.091970035110232,0.09369036883023
0.348825200929606,0.095109335436659,0.090019053970755,0.092210140913496,0.094209678394698
0.351216785757621,0.094982294497501,0.089835774981415,0.092453635782878,0.094729887499325
0.353611314851934,0.094858289254617,0.089655372042708,0.09270189748421,0.095252705239511
0.35599276603323,0.094725910110553,0.089474831676696,0.092958848062272,0.095782808675334
0.358401873678703,0.094651711681022,0.089353205261365,0.09325192370102,0.096328816176612
0.36088279909754,0.094756691311686,0.089421491425225,0.093658979482581,0.096926572020012
0.363372787128791,0.094856595223881,0.089479669616845,0.094059773919228,0.097520896754976
0.365679125875748,0.094538807868363,0.089119738853135,0.094236391406605,0.09802378759549
0.367998339417736,0.09422201943571,0.088755612905271,0.094412099866487,0.098525657121263
0.370331120928421,0.093918198545602,0.088399763911338,0.094593519098464,0.099028869134833
0.372708027942372,0.093713920268635,0.08814538732938,0.094834454954506,0.099557749818768
0.375203958020408,0.093818785734137,0.088219185663177,0.095265006626983,0.100171172579761
0.377709384230408,0.093917979069027,0.088280868675123,0.095687486165709,0.100779938908576
0.380046055861526,0.093676726287883,0.088022478221354,0.095957376053966,0.10133439470231
0.382397425838526,0.09343693333263,0.087758965911046,0.096224242650528,0.101886198961501
0.384763858377853,0.093209393330723,0.087501677542719,0.096493974495158,0.102437457165305
0.387152150662571,0.093028223686423,0.087291375902282,0.096791800423675,0.103000624230966
0.389578916087062,0.092975561223429,0.087227686239208,0.097179302178544,0.103606187241671
0.39201263044672,0.092926628248774,0.087165252273719,0.097568381586045,0.104211884914395
0.394435742137277,0.092868241136636,0.087102621228179,0.097965522909843,0.104824122228213
0.396866853402196,0.092811167374116,0.08703811028524,0.098362198953971,0.105435504064856
0.399286851946998,0.092743950065533,0.086973456079387,0.09876726664835,0.106053655313397
0.401715527053068,0.092678426535319,0.086906874599885,0.099171610805114,0.106670704139129
0.404129837963372,0.092600316123539,0.086839937087642,0.099585519915358,0.107295582339042
0.406578664573411,0.09256868057824,0.086809351740808,0.10001398303029,0.10792360154141
0.40910490812529,0.092677594922462,0.086906660853229,0.100500957338558,0.108571958274844
0.411647806200753,0.092784071494524,0.086990129504197,0.100976772912192,0.109213323603872
0.41394371736921,0.092513469891121,0.08678929568113,0.101369127973169,0.109848814869208
0.416269471864721,0.092271223950289,0.086608400350632,0.101769389553548,0.110485402564305
0.418687862408502,0.092246768207059,0.086651050881544,0.102284908056705,0.111170347134712
0.421126885396638,0.092227540404809,0.086686800094908,0.102792086479245,0.111848777436616
0.423586945747614,0.092212118346697,0.086713435783486,0.103289644377265,0.112520145348994
0.426055072849034,0.092194899831252,0.086735972817928,0.103786129832988,0.113190889790122
0.428495770860627,0.092160436367002,0.086768843669514,0.104305234677617,0.113878671318065
0.43094833288347,0.092125864435821,0.086796293639287,0.104820707594685,0.114563810554655
0.433386349788391,0.092078199961108,0.086826942622471,0.105348664995726,0.115258567008415
0.435835354035673,0.09203080250723,0.086853265093083,0.105873837884915,0.115951135683384
0.438265491767778,0.091967921191987,0.08688395817077,0.106413751018645,0.116654984248259
0.440740769128216,0.091947255295056,0.086933555010593,0.106951692974151,0.11735214519344
0.443313803749859,0.092051094671163,0.087062676131093,0.107504946330783,0.118044507604508
0.445911215229108,0.092156813145359,0.08717569521458,0.108043172900061,0.118726982412522
0.448189280759916,0.091863589811403,0.087073772817582,0.108580674073379,0.119455591203011
0.450494584435685,0.09157931761944,0.086965408611579,0.109108371415958,0.120175872415116
0.452826656467445,0.091313397132925,0.086860143247232,0.109630557414642,0.120889289069494
0.455226701362294,0.091136264658809,0.086811421546712,0.110163598605213,0.121598820139362
0.457802103015226,0.091228672117542,0.08695606152217,0.110748794113658,0.122311871699448
0.460399179306421,0.091321293629546,0.087082556159892,0.111318006391351,0.123014526782546
0.462524845474298,0.090788275377645,0.086857552238399,0.111865947231933,0.123771483614507
0.464713630286173,0.090324274717325,0.086667066600867,0.112411988041989,0.124517661924292
0.467051163401509,0.090063870912213,0.08659238777887,0.112966348484412,0.125245074088281
0.469448703525673,0.089901526974859,0.08658398959224,0.113535104637935,0.125969823665691
0.471990318686747,0.089977460207324,0.086745823082261,0.114148798608268,0.126698004434892
0.474563143414961,0.090069261546784,0.086896680421613,0.114745467126847,0.127413335836526
0.476519530756234,0.08914991844357,0.086343953874078,0.115171334297417,0.128120433330384
0.478560756919175,0.088383851460315,0.085918425598431,0.115641898394813,0.128837858683457
0.480821202491108,0.088102206464508,0.085911901929846,0.116269238368932,0.129605528860263
0.483152613008732,0.087926857050298,0.085965363653344,0.116900909674035,0.1303639051155
0.485646790948483,0.087987469606295,0.086155029711366,0.117548072819671,0.131108858941073
0.488179583142861,0.088067540186813,0.086328454665846,0.118172583370827,0.131837289916457
0.490029448954706,0.087144051908614,0.085932949391942,0.118739358161067,0.132622062564675
0.491975031460492,0.086368395192246,0.085641886651402,0.119330754432193,0.133405885307423
0.494169318995326,0.086079667101954,0.085724268567559,0.120036450937755,0.134216029587505
0.496380567406427,0.085815511856875,0.085818614782604,0.120740256119182,0.13502111931979
0.49853436365204,0.085506973477106,0.085926981443558,0.121474252440398,0.135848163521889
0.500697063486342,0.085230041243718,0.086072699983819,0.122225792197615,0.136682395699219
0.502781716639593,0.08497928521061,0.086359778489311,0.123087679217242,0.137583740147018
0.504914829679916,0.084755105092351,0.08663135755258,0.123923315635782,0.138465309413201
0.507099508000781,0.084552791891737,0.086879351332996,0.124728729451015,0.139325344105518
0.509301650784606,0.084354225681179,0.087122228321155,0.125527822419665,0.140180682146678
0.511401978019352,0.084096325395383,0.087427369457391,0.126403788500532,0.141089497762622
0.513606800881688,0.083914086695288,0.087712911471322,0.127231991551192,0.141961360630226
0.516040010264197,0.083932122721029,0.087984522411565,0.127969397670128,0.142759325276479
0.518530910466172,0.083976606927596,0.088225611177799,0.128671885432385,0.143533062029312
0.520146694683427,0.08324899986585,0.088577531563414,0.129767362946968,0.144616372966435
0.52188501219139,0.08262355241609,0.088927777515064,0.13081571234282,0.145660062877893
0.523928794247222,0.08230095927998,0.089294888763293,0.131759863430718,0.146613374306229
0.526002211481358,0.08199528135766,0.089655752386494,0.132690166724122,0.147555673140671
0.52802644380804,0.081650261569888,0.090040350268883,0.133652272098375,0.148520185076011
0.530065045783585,0.081308791466031,0.09042202336283,0.134608016222908,0.149479424268591
0.531977664480566,0.080871364787899,0.0908561021624,0.135638086315172,0.150491653878422
0.533954728846768,0.080475221509467,0.091270723998528,0.136634018176121,0.151478111708625
0.535997055415152,0.080121349228653,0.091664220868405,0.137594941212897,0.152438301254719
0.53814823754373,0.07985798682471,0.092038226865626,0.138506753354138,0.153360234985025
0.540521183990379,0.079809538597561,0.092397407570296,0.139333060296903,0.154213032178125
0.542964603585993,0.07980154431676,0.092720788732229,0.140117012259904,0.155035956437701
0.544342392187474,0.078696182854185,0.093100174438633,0.141304956811718,0.156184664221961
0.545951898195409,0.077822468917314,0.093484034576187,0.142411140814062,0.157263985170454
0.548295636867215,0.077743838388466,0.093872555778098,0.143264601556372,0.158132505950864
0.550707717005677,0.077710113919133,0.094227856458937,0.144077011897676,0.158971606732856
0.552026356559896,0.076375438436508,0.094486547655094,0.145209250369889,0.160088721828533
0.553498537463309,0.075230929974692,0.094790902191016,0.146306168658849,0.161168018129643
0.555341969148776,0.074613267014294,0.095216422217549,0.147333086672902,0.162169657287
0.55730539469708,0.07414433746338,0.095650508681226,0.148317454925195,0.163133572559339
0.559562011573158,0.074021184407905,0.096090246042204,0.149204615867284,0.164015847171188
0.561890841358368,0.073949630844836,0.096493869048471,0.150047499105585,0.164866374390283
0.563153275839316,0.072498952054657,0.096774738538747,0.151169983375446,0.165962977927701
0.564599735878231,0.071284410160545,0.097100776999235,0.152249498036249,0.167016150618911
0.566802580163695,0.071119289985192,0.097567758270802,0.153155073974456,0.167905725753739
0.569070761307028,0.071013135083192,0.098006490892983,0.154021590905509,0.168766397962883
0.570421792495936,0.069881496037844,0.098570131115367,0.15524238550571,0.169898323092733
0.571846266050673,0.068814012930129,0.099123906385785,0.15642840540241,0.17100201547285
0.573337812248716,0.067821155950017,0.099676932611107,0.157584934116846,0.1720802199138
0.574998097465095,0.067036932715176,0.100226253626778,0.15868034380522,0.173107759869382
0.577106769220154,0.066823940113176,0.100758923513519,0.159625833778618,0.174014701132167
0.579276329059666,0.066654489340093,0.101252783671551,0.160529721546013,0.1748922055029
0.580400240118128,0.065127978247026,0.101792986661346,0.161766800484461,0.176032153826018
0.581632454635174,0.063736215862985,0.102347696154212,0.162969842207326,0.177140797017289
0.583206362516857,0.06288658270847,0.102973055763561,0.164100463181048,0.178180142769061
0.58479573960276,0.06207006232562,0.103606434102305,0.165222084040084,0.179209507891453
0.586272933495587,0.061145180885687,0.104288068621785,0.166393766471817,0.180271543032507
0.587818893036526,0.060295699998872,0.104951248511076,0.167528582766348,0.181304765809105
0.589434668459854,0.059520970403324,0.10559165606785,0.168624780124952,0.18230836930226
0.591157458248862,0.058889032760111,0.106216987084853,0.16967712280307,0.183277371468219
0.59308706625939,0.058577860112305,0.106846537411689,0.170670584979251,0.184197882307444
0.595076167888221,0.058308254389808,0.10743122449375,0.171620448143016,0.185087974572667
0.596070887227449,0.056610968184374,0.108106167811243,0.172879870076728,0.186211282001333
0.597198545531828,0.055116542537797,0.10880188525432,0.174105108969723,0.187302973407757
0.598633931052913,0.05420721663484,0.109574227834035,0.175282401313221,0.188346589871409
0.600079299875616,0.053324987794594,0.110351966641877,0.176451967270912,0.189381739905757
0.601396943624114,0.052319198476885,0.111198063766834,0.177684240590148,0.190457071363557
0.602786959911678,0.051391799982084,0.112014227125137,0.178874923694001,0.191501395287211
0.604249835253698,0.050542675707829,0.112797167074153,0.180022795983522,0.192514169446299
0.605816734916031,0.049833829426781,0.113549219184844,0.181122468320358,0.19349115036155
0.607569321978289,0.049423386043459,0.114275655687488,0.182158997205966,0.194420710931405
0.609402278280785,0.049087267648597,0.114948737167744,0.1831431438277,0.195313855335379
0.610309333886741,0.047349143062826,0.115812900791424,0.18444304985017,0.196428459001117
0.611316674949471,0.04577885893843,0.116686860529952,0.185715352245102,0.19751854405864
0.612563871989535,0.044805444895561,0.117653830302628,0.186978416051035,0.198592093147312
0.613850628168616,0.043888736989552,0.118604413458624,0.188216247591261,0.199646028882593
0.615093137025836,0.042935400263936,0.119585255799719,0.189474856325373,0.200711345216594
0.616398472165763,0.042048495472612,0.120529251758073,0.190693033367117,0.20174753250628
0.617573086779279,0.041026729752914,0.121549354531551,0.191976022966414,0.20282420636318
0.618803594539872,0.040067361088323,0.122537342561862,0.193222625904491,0.203874328274871
0.61996035774861,0.039036229486952,0.123570455476835,0.194503652388485,0.2049445219203
0.621161347047753,0.038058081833893,0.124577799313549,0.195754357304534,0.205992154305045
0.622314893157224,0.037037589913473,0.125614960577527,0.197024986564469,0.207050167572872
0.62350839131514,0.036066375691752,0.126627254112154,0.198266788899798,0.208086651003412
0.624640339462198,0.035035715003793,0.127676627924285,0.19953504198266,0.209137643179006
0.625816630222069,0.034060631440131,0.128697394216857,0.20077151956717,0.210165200123118
0.626925238949999,0.033019382515914,0.129758870722691,0.202037227242976,0.211208888011693
0.628088173586045,0.032046018675361,0.130784101506277,0.203264958002504,0.212225153207499
0.629143845218275,0.030956323083274,0.131872554444481,0.204541444235641,0.213269890761565
0.630223055193024,0.029905043400319,0.13294512835121,0.205797154452013,0.214298214499256
0.631192020999584,0.028747046784817,0.134089427314268,0.207106326595956,0.215357680675559
0.632235133702536,0.027687275758111,0.135184770704187,0.20836669591216,0.216382773271944
0.633352647156765,0.02672444347625,0.136227871244427,0.209576807991877,0.21737278024178
0.634559116815829,0.025896770340346,0.137214271806291,0.210732741952574,0.218325681262734
0.635896336302135,0.025311327493587,0.138133638433869,0.211824080393839,0.219235959650634
0.637311048695116,0.02481385957927,0.138987310240801,0.212858544294005,0.220107718118347
0.637952886874245,0.023051033912863,0.140230955635228,0.214225327451118,0.221180242735538
0.638767484817209,0.021597332737219,0.141393886256955,0.215510687373013,0.222198517349966
0.640036328427673,0.021003832207766,0.14233200643416,0.216597058057173,0.22309410012605
0.641374225209917,0.020497838655985,0.143207698933311,0.217629809795331,0.223953344551788
0.641989841141026,0.018792693072401,0.144478153826167,0.218980158856081,0.224999387438594
0.642684144413079,0.017285677531199,0.145719329132424,0.22029412060095,0.226019586479057
0.643483026349395,0.016194208920441,0.146946798045168,0.221584941026292,0.22702657502867
0.644344760674208,0.015227942541258,0.148123851757044,0.222829243415429,0.228001367025294
0.645272530459417,0.014380456440424,0.14924440969663,0.224023501615035,0.228941958380521
0.646278481128803,0.013674605296013,0.150299631999574,0.225161897701465,0.22984536107784
0.647395276111033,0.013169800385865,0.151269026661562,0.226230149047585,0.230704070062794
0.648582633366171,0.012754792063529,0.152168428447439,0.227240939867108,0.231524547288125
0.649229908986082,0.011580363348694,0.153410493015395,0.228500738357453,0.232483459529277
0.649920760271826,0.010569764074312,0.154617781111364,0.229725005123458,0.233416347337126
0.650666777490709,0.009762462024971,0.155779693513225,0.230906914129802,0.234319733147676
0.651497188594067,0.009215719985469,0.156876946921648,0.232034945569905,0.235188742063288
0.652499647064586,0.009034292860588,0.157854110423461,0.233074885684511,0.236008325533616
0.653558435308765,0.008919548938697,0.158765316543341,0.23406143001023,0.236792247841299
0.654186899803085,0.008405876393276,0.159924472310663,0.235198147053041,0.237637933013447
0.654873717197783,0.008310950626305,0.161045611135024,0.236299742639315,0.238460641007833
0.655641997667,0.008568288130546,0.162119916443554,0.237371005264286,0.239271268881273
0.656423972096846,0.008972325856189,0.163165815265063,0.238415067620365,0.240061856657965
0.657170047748408,0.009525231596305,0.164220806334038,0.239455953730762,0.240844267839925
0.657934393090685,0.010160373422277,0.165241985922246,0.240466139362998,0.241604578507941
0.658653818056405,0.010926561310669,0.166280956497179,0.241478927589561,0.242359900674995
0.65939253809051,0.011722359667569,0.167284060133164,0.242460187396168,0.24309291855121
0.66008586540131,0.012625489364102,0.168306924458681,0.243445727873719,0.243822215011664
0.660807415798696,0.013503994193449,0.169284085376684,0.244393864065903,0.244526275349381
0.661456511616666,0.014532701548943,0.170305926374406,0.245360560695463,0.24523291844208
0.662113735445893,0.01555110135286,0.171300071762292,0.246301650839329,0.245920648238115
0.662692039794179,0.016722480000252,0.172349217767207,0.247268726560402,0.246615731322986
0.663301051133113,0.017819764255869,0.173348285827551,0.248196844610588,0.247285448563651
0.663940449308645,0.018830738385555,0.174294371968005,0.249084626896276,0.24792917658713
0.66458938839808,0.019746966842104,0.175204957847251,0.249948038348602,0.248558445761169
0.665196876293819,0.020557743285751,0.176126899339542,0.250828692240278,0.249203004180574
0.665840394628512,0.021257847353417,0.176982515270024,0.251660934964986,0.249817047732082
0.666159141157341,0.022793859966816,0.178162945774582,0.252667596501072,0.250502035062455
0.666515772415742,0.024232850685417,0.179287210779625,0.253631036059065,0.25115895707414
0.666911130105261,0.025567288107655,0.180350936011598,0.254548788840754,0.251786502171801
0.66734287892074,0.026743070304574,0.181348435305122,0.255423186369569,0.252389500922839
0.667807070157991,0.02761068425384,0.182264791087083,0.256261155134688,0.252981733257226
0.668298286837703,0.028374666466483,0.183118901653313,0.25705397513958,0.253545355557128
0.668375343424012,0.030030408623697,0.18442479886619,0.258114124021755,0.254239037026081
0.668482237584485,0.031571134235627,0.185673030247613,0.259132264550119,0.254906188096117
0.668620942730094,0.032993436744556,0.186858286109919,0.260105096439901,0.255544937144509
0.668815295365436,0.034240001085829,0.187947614005533,0.261012815360368,0.256145214560899
0.6691360196755,0.035150085730369,0.188849339669993,0.261799661074558,0.256678431828819
0.669477691527033,0.035952124445273,0.189687619432487,0.262541830737584,0.257183881202273
0.669531734996176,0.037601327865727,0.190891677829351,0.263473434104079,0.257764343202258
0.66960100390502,0.039135757476553,0.192043868178411,0.264369062620919,0.258322729751664
0.669683313325487,0.040553583993821,0.193142191489723,0.265228057811248,0.25885893736827
0.66976702844234,0.041882458451273,0.19419900254711,0.266057699512061,0.259376465958286
0.669822003357768,0.043201876538089,0.195254280944588,0.266881022094065,0.25988628475449
0.669897014701457,0.044374989763262,0.196236129838916,0.267656951442041,0.260368920341631
0.670021751381544,0.045334013873996,0.197101219737014,0.268359144460112,0.260810824119361
0.670152605992261,0.046187088075967,0.197907752675465,0.26902194601271,0.261228949004586
0.670203551578944,0.04788153642768,0.198946963773347,0.269745494132894,0.261627733636737
0.670231065742317,0.049463014885755,0.199960055160275,0.270456668169531,0.262021255062113
0.670163504494571,0.050916068138607,0.200999116147857,0.271204872053885,0.262445463242826
0.670088146630334,0.052252462233934,0.201989947342567,0.271923815282305,0.262853399447845
0.670006368297226,0.053470247989985,0.202928220710833,0.27261074834079,0.263243529826756
0.669913794159735,0.054642019519583,0.203834986862313,0.273272013588079,0.263615205311462
0.669799093837631,0.055969312593703,0.204775524777693,0.273929369946271,0.263968822542174
0.669673458671056,0.057164195681289,0.20566026987287,0.274554916185233,0.264306011375636
0.669540487345222,0.058185867672158,0.206471463051272,0.275141063145897,0.264624785441196
0.669396311897393,0.059090352164074,0.20722621345666,0.275693369053387,0.26492508627678
0.669340148459123,0.060745644556867,0.208109484352197,0.276213593130048,0.26514155436323
0.66923472882438,0.062213504501021,0.208952411661774,0.276725484711358,0.265362153451327
0.669000972766,0.063256585501851,0.209735953043483,0.277259356366403,0.26562728040859
0.668744869931815,0.064180557854356,0.210467576265831,0.277764574451108,0.265878030464132
0.668676335743039,0.065792797539803,0.211249435303399,0.278173688951234,0.266002660827345
0.66853335538132,0.067228512597774,0.212008075004897,0.278589298162355,0.266141564211124
0.668196809900571,0.068289911606225,0.212763032826045,0.279070337776276,0.266352745880127
0.667835780168611,0.069252227254161,0.213471377729718,0.279524189309915,0.266549236118994
0.667673740823646,0.070842177653186,0.21422023727583,0.279879647302612,0.266620848400964
0.667476059831737,0.072321277393565,0.214933722759888,0.280218456475418,0.26668546992686
0.667244577736887,0.07367913814907,0.215603572395309,0.28053612139412,0.266741126883846
0.666958572623806,0.074932567530122,0.216249699999917,0.280847885292948,0.266797457611082
0.666613999891221,0.076082071690662,0.21687324936187,0.281155415721945,0.266855892778456
0.666194854081689,0.077159050355734,0.217497187899315,0.281473367914209,0.266924306559962
0.665662957013557,0.078244092537157,0.218182138662181,0.281839566980252,0.267022507811222
0.665084161622312,0.079216919883773,0.218827723290723,0.282189536548518,0.267115533539557
0.664978655459146,0.080577519616556,0.21924143878592,0.282236340957148,0.266956670709821
0.664819536377425,0.08184628342976,0.219633587085162,0.282277091007341,0.266797662061787
0.664586596703725,0.083022857001222,0.220017992631068,0.282325116840586,0.266648270563511
0.664217621885553,0.084129747041668,0.220450133244976,0.282426545931105,0.266539207838253
0.663548919755235,0.085225727154583,0.221078592255065,0.282704159738222,0.266551858189616
0.662825345740426,0.08621558867473,0.221673190855129,0.282970311201565,0.266562635964832
0.662729875057119,0.087502567808031,0.221898352820547,0.282822663233708,0.266250158623312
0.662494849240412,0.088723503238988,0.222175197802436,0.282731145136858,0.265979553801476
0.661910111945403,0.089945063241252,0.222692334173723,0.282853415713192,0.265855989506104
0.661235200999561,0.091086073397329,0.223214589789025,0.282993901150118,0.265749204096988
0.660427741390163,0.09219646712346,0.223795318288028,0.283189969028593,0.265680894555567
0.659560279112332,0.09319891278758,0.224341562322364,0.283375314416255,0.265611731226815
0.659229940330614,0.094495076391017,0.224602572633913,0.283219175031066,0.265269015938133
0.658774727522131,0.09571874231921,0.224897973625487,0.283105905542708,0.264959658491398
