Baseline,K=1,k=5,k=10
0,0,0,0
0.000717437714069,0.000717437714069,0.000358718857035,0.000717437714069
0.001364702983818,0.001364702983818,0.000682351491909,0.001364702983818
0.001941793588441,0.001941793588441,0.000970896794221,0.001941793588441
0.002451351057817,0.002451351057817,0.001225675528909,0.002451351057817
0.002995768185234,0.002995768185234,0.001497884092617,0.002995768185234
0.003464064493979,0.003464064493979,0.00173203224699,0.003464064493979
0.00347893352097,0.00347893352097,0.001739466760485,0.00347893352097
0.003456066362885,0.003456066362885,0.001728033181443,0.003456066362885
0.004004456581851,0.004004456581851,0.002002228290926,0.004004456581851
0.004639534532718,0.004639534532718,0.002319767266359,0.004639534532718
0.005226114775061,0.005226032359864,0.00261300742172,0.005225997148591
0.005753887221112,0.005753571930372,0.002876757981502,0.005753470046878
0.006033682681984,0.006032858951156,0.00301636712905,0.006032649477035
0.006268113005469,0.006266410399442,0.003133093521302,0.006266058927442
0.006272621359086,0.00626963219323,0.003134646157727,0.00626912612415
0.006252295059241,0.006247509477551,0.003123518334429,0.006246838130376
0.006430255449537,0.006422134394316,0.003210687051058,0.0064210926532
0.006644625557347,0.00663174279201,0.003315288267176,0.006630192776512
0.006779726010963,0.006760949914909,0.003379662492921,0.006758849593896
0.006893798075913,0.006867732757395,0.003432787206284,0.006865011276071
0.006992878168898,0.006958035959582,0.003477636821644,0.006954629336243
0.007075220180913,0.007030051694034,0.003513312651837,0.00702590984937
0.007083601456221,0.007027118401083,0.003511547388297,0.007022345734996
0.00707432067672,0.007004865252647,0.003500118916311,0.006999470792296
0.006997233478386,0.006905154635657,0.003449442619228,0.006897936944923
0.006902825709746,0.006781987328239,0.003386769212926,0.006772370555431
0.006898200096718,0.006748162694023,0.00336884169741,0.006736368610504
0.006894057769389,0.006711251644921,0.003349271033032,0.00669709713956
0.00688539381101,0.006666069720277,0.003325464922173,0.006649373619789
0.006873191857747,0.006613596350124,0.003297925649927,0.006594206506181
0.006905749702553,0.006608167606211,0.003294206810106,0.006586774576657
0.006925962269357,0.006587264779173,0.003282751258077,0.006563892641749
0.007036420221217,0.006637328124802,0.003305344324504,0.006608900180402
0.007149836038261,0.006680922051983,0.003324161363631,0.006646342926883
0.007217463048168,0.006691783009454,0.003328016647389,0.006654108692726
0.007260728173486,0.006672182269989,0.003316601336201,0.006631351669477
0.007408795035529,0.006732647839523,0.003343219217815,0.006684479467602
0.007570715768807,0.006795307872683,0.003370231498638,0.006738398587935
0.007699231378178,0.006827507761383,0.003382735899218,0.006763428479663
0.007814340606799,0.006839831770873,0.003385222247279,0.006768466512924
0.007929361841497,0.006842435001719,0.00338245592574,0.006763022821914
0.00807129252427,0.006856492256954,0.003384336714508,0.006766870895218
0.008208296080666,0.006855172294068,0.003378058867035,0.006754445742406
0.008341734555109,0.006840123155519,0.00336446618232,0.006727440634888
0.008479444704108,0.006815278961193,0.003345101551545,0.006688936853509
0.008615955423702,0.006779598204481,0.003319869752338,0.006638762275686
0.008751158066003,0.006733520942175,0.003289039129682,0.006577456226482
0.008886688117164,0.006679666938196,0.003253992514455,0.006507785181858
0.009061806677375,0.006688418116034,0.003252377031887,0.006505023181367
0.009228027037455,0.006680131873829,0.003242091910673,0.00648495563535
0.009271713581448,0.006417306977067,0.003093922320675,0.006189353723823
0.009309162776896,0.006090885990538,0.002908228780855,0.005818985271739
0.009506046758237,0.006024137749848,0.002860006266013,0.005723519856851
0.009710731339579,0.005960068800764,0.002812461940803,0.00562953186546
0.009925823345218,0.005889860236798,0.002759645454853,0.005525190372053
0.010145402322093,0.005819835235519,0.002706170379347,0.005419677246384
0.010401334420153,0.005842247571305,0.002705153093322,0.005418876372522
0.01065055159369,0.00585062035378,0.002696696771878,0.005403261804721
0.010808934545134,0.005564550089527,0.002515554712118,0.005043821585347
0.010982047425912,0.005244990365231,0.002306527972795,0.004629624795532
0.011271914398306,0.005184851385679,0.002243735271803,0.004507149491371
0.011572699708795,0.005145535703156,0.002191446811666,0.004405881473148
0.011875896264585,0.005109003111017,0.002139254709566,0.004305108490096
0.012181358061996,0.005076810785393,0.002088257292603,0.004207011615119
0.012506543556989,0.005130896574476,0.002093417801813,0.004220226451722
0.012825866852742,0.005173328661369,0.00209186107844,0.004220151836528
0.013104617618011,0.004980067126217,0.00192559844109,0.003895588269606
0.013407810357482,0.00475560629337,0.001716347743645,0.003489094591071
0.013789857267417,0.004791870943078,0.001684635683832,0.003432945721568
0.014179036345112,0.004858890594789,0.001674867383002,0.003420149049991
0.014567614602622,0.004931166531341,0.001668867442005,0.003414985065235
0.014954691427789,0.005007896518922,0.001666552845159,0.003417206571262
0.015330389234703,0.005101018733339,0.001683537817159,0.003456451184201
0.015701030300522,0.005185947936958,0.001695493774178,0.003485853143743
0.016122464025573,0.005261163737072,0.00167544727238,0.003456058627389
0.016579345410845,0.005410257570497,0.001707755096984,0.003528754194997
0.01702290274348,0.005572674784307,0.001760262841573,0.003639411017059
0.01746137413783,0.005733702274915,0.001813862719575,0.003751922466229
0.017919157250329,0.005914367158533,0.001877431721243,0.003884341531084
0.01837702452181,0.006096348042589,0.001942158279831,0.004018997483499
0.018831817496485,0.006276795969109,0.002006980366015,0.00415370100967
0.019283377634292,0.006454418420324,0.002071068071374,0.004286818382561
0.01970545492117,0.00657842282125,0.002099875737791,0.004350917329867
0.02012508197213,0.006698447660008,0.00212699432959,0.004411627738631
0.020613337100838,0.006901001475213,0.002201611177952,0.004566223940636
0.02114042536263,0.007151280139826,0.002304560989069,0.00477666306599
0.02166851099697,0.007403184967827,0.002409746688069,0.004991297005597
0.022196991513878,0.007654995530209,0.002515825372821,0.00520752635015
0.022706740769773,0.007851331110064,0.002581687619117,0.005345705227145
0.023214437397581,0.008043037643873,0.002645561715566,0.005479856496197
0.023691809806979,0.008185841738892,0.002679590558428,0.005555366244959
0.024168309965173,0.008326384290379,0.002713261903583,0.005630036284635
0.02475328564622,0.008627499020582,0.002847086321541,0.005901128262187
0.025360870120267,0.00896351525199,0.003003353624272,0.006216129709732
0.02591150728499,0.009181410402217,0.003079750153212,0.006375477284542
0.026459068738413,0.009393384620778,0.003153073412007,0.006528693964718
0.027025296158762,0.009625645528264,0.003237585661643,0.006704107498908
0.027593662007706,0.009859322514324,0.003323273500652,0.006881777217995
0.028168978203503,0.0100971014631,0.003410568052549,0.007062760431603
0.028741543023649,0.010330689055223,0.00349603064141,0.007240012753579
0.029327730022073,0.010576669127714,0.003587657869451,0.007429619942683
0.029911044844853,0.010818490694452,0.003677515766441,0.007615607163415
0.030509299030164,0.011075037084014,0.003774999612156,0.007816810723526
0.031105787383033,0.011328614044632,0.003871281821992,0.008015533500258
0.031716955477242,0.011597522219037,0.003975739629131,0.008230517394857
0.03232704508452,0.011864207184229,0.004079313397903,0.008443665541709
0.032947269963872,0.01213784235422,0.004185538114519,0.008662300396378
0.033564407151871,0.01240710054714,0.004289751303802,0.008876848699357
0.034195208180791,0.012689154697392,0.004400206141918,0.009103931538651
0.034823123748232,0.012965984929952,0.004507829227619,0.009325372239606
0.035461475136343,0.013222819124609,0.004595129990804,0.009508431867311
0.0360970450076,0.013476672929425,0.004681597898774,0.009689673974402
0.036731094638614,0.013729799013706,0.004768870134906,0.009872258216742
0.037363664722247,0.013980984271575,0.004856073879018,0.010054490626648
0.037976894171271,0.014173759003711,0.004902129167494,0.010157030169826
0.038590196219054,0.014367153749148,0.004949891050208,0.010262682634399
0.039301163466036,0.014736645742357,0.005111977993462,0.010591304034509
0.040031885300436,0.015141013091627,0.00529719872347,0.010964944520959
0.040721534987443,0.015423423591499,0.005395841653816,0.011171044695776
0.041400787898221,0.015677180395858,0.005475271591527,0.011339778979135
0.042091875847811,0.015936948833267,0.005556417838847,0.011512272093382
0.042782822827299,0.016196233760799,0.005638357065596,0.011686107421638
0.043490275241482,0.016467839903445,0.005725679996674,0.011870931365911
0.044197587476932,0.016738376480544,0.005813367933642,0.012056263301172
0.044914846463163,0.017010065178213,0.005899444855473,0.012238900490291
0.045630642687808,0.017279373953048,0.005985252789286,0.012420764338951
0.046356500989937,0.017561054557096,0.006078948879584,0.012618015594687
0.047125052071707,0.017896344423604,0.00620315255398,0.01287551746174
0.047892664098536,0.018211895842469,0.006311915712573,0.013103432420469
0.048656267229497,0.018521442038232,0.006418013707295,0.013325901414955
0.049415914149679,0.018825905714447,0.006522170205419,0.013544307435529
0.050170835377281,0.019123242203638,0.006622898065689,0.013755782965867
0.050909770696036,0.019365047770416,0.006683116162195,0.013889246449755
0.051645229390189,0.019604078864107,0.00674316451047,0.014022063832643
0.052500757419415,0.020060393999453,0.006944098927848,0.014429159718191
0.053374822817389,0.020549089734909,0.007166165746462,0.014877363687285
0.05419523185056,0.020896575458124,0.007289130697563,0.015134059506495
0.055005797361264,0.021229532006091,0.007403935416007,0.015374587514641
0.055781920521541,0.021488324489308,0.007469227778472,0.015518988834656
0.056551545697008,0.02174223915561,0.007533327409874,0.015660674555509
0.057454188012397,0.0222328602501,0.00774901204038,0.016097771620124
0.058380494866055,0.022769086196593,0.007994791911498,0.016593335878195
0.059285666027023,0.023213508664536,0.008171119610557,0.016955664952941
0.060174345140253,0.023612233483649,0.008315303972793,0.017255891687571
0.061051033593688,0.023998293145408,0.008453436494489,0.017543874682258
0.061918035196804,0.024374478258286,0.008586965537328,0.017822506805504
0.062825584339474,0.02478784870128,0.008736663729101,0.018134194356401
0.063721055309241,0.025189259298318,0.008880925367454,0.018434806905911
0.0646496991443,0.025623117470514,0.009040203941484,0.018765844965602
0.065561757400422,0.026038808792647,0.009190535924018,0.019078873299736
0.06640624547494,0.026340367132068,0.009270114941122,0.019253558417369
0.067236214333662,0.026629914705011,0.009345203350914,0.019418831756278
0.068314503115787,0.027260568345895,0.009615590255455,0.019969315215381
0.069428986529732,0.027943685781605,0.009916948597425,0.020580648570467
0.070435206459362,0.028429792362453,0.010093258736178,0.020948137471601
0.071420065064744,0.02889415988284,0.010259300979468,0.021294845557483
0.072457583273499,0.029409558652631,0.010448732855745,0.021689019783397
0.073476562216945,0.029907917075205,0.010630765108959,0.022068031037233
0.074553518306456,0.030492358512809,0.010863592973758,0.022546835161566
0.075610307401907,0.031057855060226,0.011087744369736,0.023007993204224
0.076708909559893,0.031664975195624,0.011330862216932,0.023507648025977
0.077776046854072,0.032240483004732,0.011558238620632,0.023975670570188
0.078945981305452,0.03292494903386,0.011838179267604,0.024549579169646
0.080091673726369,0.033586925165577,0.012107064084314,0.025101213739676
0.08120172827595,0.03421496452954,0.012359382593343,0.02561947160401
0.082278834339362,0.034811931385436,0.012596473528597,0.026107066837092
0.083452357885057,0.035504910659191,0.012877534164896,0.026683863074698
0.084582027662634,0.036154314574634,0.013136881218329,0.027217054333671
0.085531556934263,0.036562136545049,0.01325920820815,0.027479798434547
0.086441493554856,0.036936235817752,0.013366523888351,0.02771193974838
0.087882826327454,0.038006018437669,0.013860310247391,0.028708607075533
0.089399711351097,0.03918165404026,0.014413501992736,0.02982263481498
0.090649577321412,0.03994349600056,0.014719224847513,0.030451230017947
0.091850992817374,0.040657855685281,0.015001427538123,0.031032563232079
0.093145210776583,0.041472423453915,0.015332423803271,0.031712001663255
0.09441772085363,0.042269971533735,0.015655632805899,0.032375592187998
0.095736585453069,0.04311121399116,0.01599754489402,0.03307745632023
0.097009662308792,0.043910514801403,0.01631957028783,0.033739137343934
0.09834463306909,0.044770914272814,0.016669372922706,0.034457180755023
0.099625552776195,0.045581535375084,0.016995713019021,0.035127795537206
0.101001616013045,0.046490259590101,0.017368900683858,0.035892835092055
0.102330024778349,0.047355285312456,0.017721445422951,0.036616160465049
0.103738703665538,0.048301486275299,0.018112198018217,0.037416635063635
0.105099179931004,0.049203028554894,0.018481681192277,0.038174183929817
0.106601508409415,0.050244804281448,0.018917049323996,0.039064804829282
0.108044025437315,0.051230591936656,0.019325792177112,0.039901688515077
0.109425888781188,0.052159553532935,0.019707399530437,0.040683848937589
0.110748836055665,0.053033296524417,0.020062520036149,0.041412635478823
0.112238240781732,0.054074246167284,0.02049748275787,0.042302309435124
0.113656244017685,0.055045874193922,0.02089866181764,0.043124056545919
0.114745680923211,0.055647859230877,0.021107507870135,0.043562518480817
0.115771228110162,0.056191509145338,0.021288776841102,0.043945333895261
0.117506210693794,0.057494983760376,0.021852381097152,0.045093256971807
0.119331388092706,0.058900669114665,0.02246888265071,0.046346606594583
0.121092382963479,0.060243735413613,0.023055197180569,0.047539167819755
0.122787176512996,0.061520028638809,0.023608478479412,0.048665451621785
0.124395926891404,0.062673852224261,0.024090854787228,0.049652223960131
0.125941610341404,0.06376810798688,0.024544684575905,0.050581492199569
0.12757777923893,0.064973775378546,0.025058193254319,0.051629206105795
0.129134478138727,0.066100201371187,0.025532436765639,0.052598187980456
0.130331524021508,0.066828883904323,0.025800870536624,0.053156877720709
0.131458085032203,0.06749097830857,0.026036896945795,0.053650449997426
0.133488843464452,0.069188976857124,0.026815302231079,0.05522359683283
0.135645379897862,0.071034405354495,0.027670858225494,0.056950289927061
0.137346256479158,0.072322986945067,0.028224666702058,0.058078812235617
0.138983820112377,0.073549043264863,0.028746734277832,0.059143853016861
0.140691707350002,0.074854409504774,0.029308524808205,0.060288340485691
0.142316346624998,0.076078116391686,0.029829348476274,0.061350808264628
0.143585605892153,0.07691040878921,0.030147262754751,0.062008904044971
0.144781271373238,0.077673559359025,0.030431228156732,0.062598869727991
0.146807942296472,0.079392909550011,0.031216813041371,0.064186918314448
0.149056630761002,0.081371732012147,0.032138687772827,0.066046090332233
0.150918290074464,0.082859164019777,0.03279031915151,0.067370520485052
0.152702565970175,0.084267209323641,0.03340128921536,0.068613758080971
0.154413898378185,0.085604410689063,0.033976773533356,0.069785942689804
0.156046202954442,0.086863591906715,0.034512954355243,0.070879502008496
0.157399867293255,0.08781268048674,0.034887331783337,0.071650899051165
0.158679779679762,0.088691278324982,0.035226791072846,0.072352314679601
0.16079051265458,0.090522601732765,0.036065340203393,0.074046870730923
0.163059107323884,0.092539352562127,0.037001261156402,0.075935120446963
0.164461860334483,0.093552478785084,0.037407144030812,0.076769638341343
0.165791150285535,0.094493332465379,0.037776674069221,0.077531435058839
0.167814548896433,0.096204547186036,0.038543566046919,0.079085396838532
0.169930368383549,0.098023376620227,0.039366399237809,0.080750758188261
0.171976187377602,0.099770039800751,0.040152276690652,0.082342355643341
0.173935234577109,0.101425546974497,0.040891154342294,0.083840219220652
0.175408711609377,0.102531467815446,0.04134215990297,0.084765225198553
0.176807237122375,0.103564447077131,0.041756550977657,0.085616971571067
0.178950435533926,0.105458182688978,0.042622943504693,0.087367831803656
0.181263199267687,0.10755232694166,0.043594731661273,0.089328298907456
0.183220838603079,0.109180261525239,0.044308106560783,0.090777911323454
0.185106156718411,0.110735800224006,0.044984771745631,0.092154157271273
0.187076214891524,0.112383927248831,0.045707997981294,0.093623482327512
0.188970325248163,0.113957103786568,0.046393697880593,0.095017713566466
0.190969872228063,0.115644263749503,0.047136991049185,0.096527030295017
0.192903606417332,0.117265497981562,0.047847145838963,0.097970071679359
0.194920606627096,0.118977432587852,0.04860328529594,0.099504959724195
0.196865814429633,0.120616482993961,0.049322650759122,0.100966335797651
0.198870123990965,0.122317835429624,0.050072971452583,0.102489686226824
0.200801245072304,0.123944722641675,0.05078565448087,0.103937814076677
0.202836514791284,0.125685682890756,0.051556446802677,0.105501934044491
0.204913472205967,0.127473858650145,0.052351289970382,0.107114052152853
0.206997237201664,0.12927202664102,0.053151227851273,0.108736322714843
0.209013670682611,0.131001395022535,0.053916206022234,0.110288764297755
0.211088124983203,0.132795719282596,0.05471425396584,0.111907208016887
0.21308521711273,0.134510611302392,0.055471883674152,0.113444935209914
0.215152189079077,0.136303543443273,0.056269287887105,0.115062037057642
0.217153800406877,0.138029808243886,0.057032714672562,0.116611293648452
0.219251093814528,0.139864302385213,0.05785182047018,0.118271545501947
0.221385477834028,0.14174295204754,0.058693639409698,0.119977060876169
0.223498493788701,0.143600338810851,0.059524197320971,0.121660172352683
0.225534272860138,0.145377944914246,0.0603139115894,0.123261770809876
0.22763955246353,0.147234158334425,0.061143761471166,0.12494343700946
0.229671049616016,0.149014434900081,0.061934722955248,0.126547493601047
0.231839329893573,0.150948792956979,0.062804997053405,0.128309647581004
0.234014896413857,0.152895232851708,0.063681491019765,0.130084170915598
0.236114139838372,0.15476239503902,0.064517242877044,0.131777417722416
0.238147028793638,0.156561259668757,0.065317897575889,0.133400642646729
0.240291366247257,0.158484830006303,0.066182359785545,0.135151135547269
0.242366915941937,0.160337421828385,0.067010312848095,0.136828796955165
0.24451463562308,0.162272979846123,0.067880839652483,0.138591331716174
0.246586552910652,0.16412977217865,0.068710826514734,0.140273003474273
0.248752277770556,0.166094313460768,0.069596342684993,0.142065330055956
0.250839666532364,0.167975903116129,0.070438888711274,0.143772011901014
0.252766268406323,0.169664913705569,0.071178286089644,0.145273948242884
0.254614881901617,0.171273843368614,0.071876720210937,0.146694119636043
0.256884536957516,0.173417385962206,0.072863662238129,0.148686339327188
0.259184164078178,0.175607864692226,0.073876706628759,0.150730116652256
0.261145272531864,0.177347754522622,0.074641740026839,0.152283143225098
0.263032119800355,0.179010343660097,0.075366982853589,0.153756787019174
0.265376968765107,0.181222603327131,0.07638321424593,0.155808646377556
0.267749907848982,0.183473492543263,0.077419985544109,0.157901268003164
0.270003705771662,0.185543402892553,0.078353256640914,0.159789914461216
0.272183083326515,0.187534891681394,0.079246113602478,0.161597957853244
0.274210347044154,0.189361735894651,0.080054047783708,0.163236695704949
0.27616397703921,0.191111720674378,0.080822599341601,0.164796841781062
0.278554419047994,0.193368878370092,0.081856693106115,0.166885315705344
0.280989968748897,0.195682377635579,0.08292050164751,0.169032830350732
0.283199657750219,0.197743703103683,0.083853294478046,0.170919384258976
0.285350325435779,0.199741137149854,0.084752867807535,0.172739733248342
0.287545030104352,0.20179784476603,0.085684336693155,0.174623277480894
0.289683137276202,0.203793649795488,0.086583910956669,0.176443276912434
0.291868187106368,0.205851766395078,0.087516597240677,0.17832896006645
0.293993544587634,0.207845387403323,0.088415300867121,0.180146983615535
0.296098419780919,0.209790801232152,0.0892834175997,0.181905273585312
0.29813657216832,0.211667190333013,0.090115787586419,0.183592266238217
0.300259587305883,0.213743572342598,0.091069639270167,0.185517097392374
0.302362236675724,0.215820609398183,0.092027212852956,0.187448511742542
0.304488573063627,0.217809424941674,0.092917678840131,0.189251067410706
0.306553743861149,0.219733397978797,0.093774259514495,0.190986087137942
0.308724969240425,0.221861786658092,0.094750854983352,0.192956872641085
0.310879351567602,0.223988801239505,0.095728925679099,0.194930032721836
0.313079124358097,0.226107678354514,0.09669142676655,0.196874699884403
0.315225505776396,0.228167994355799,0.097622858024696,0.198757540122861
0.317385189399792,0.230222278867085,0.098546364953515,0.200625602574009
0.319480006248877,0.232209301491809,0.099434977702345,0.202424084094764
0.321680522587414,0.234384236280912,0.100432099016522,0.204436112539371
0.323862699809043,0.236550423978504,0.101425970830482,0.206441324774808
0.326038707458029,0.238641868526454,0.102368555664768,0.208347178870264
0.328154166940642,0.240668594540733,0.103277348300176,0.21018569766494
0.330333397586376,0.242838906565039,0.104272046409725,0.212192646009259
0.332486898829977,0.244994823254441,0.105260993367745,0.214187692601682
0.334690014035548,0.24716387831598,0.106248622010996,0.216181907858055
0.336841347675919,0.249275660829827,0.107205907912938,0.218115749261926
0.339045403087061,0.251424338821733,0.108177490689546,0.220079098657021
0.341185790578884,0.253506023539363,0.109114255925697,0.221973044738082
0.343304736243704,0.2556469376154,0.11009510264155,0.223951683248452
0.345377936460406,0.257755407921713,0.111061670830531,0.225901250984253
0.347596139924019,0.259965513862862,0.112069692509576,0.227935905439619
0.349764312546673,0.262120208990814,0.113048411117102,0.229912246492899
0.35193081103284,0.2642951220276,0.114040479385008,0.231914449400299
0.354044354202557,0.26641271999689,0.11500242058339,0.233856663873353
0.356197548598053,0.268585250071449,0.11599371944833,0.235857081440492
0.358297265849389,0.270699294474143,0.116954149705131,0.23779605370921
0.360443793710519,0.272876368827613,0.117948029719033,0.239801396867038
0.362536650993319,0.274995219422881,0.118911200937449,0.241745606807423
0.364673223123894,0.277173521310418,0.11990591971267,0.243752412363662
0.366760168676277,0.279298489001636,0.120872522775221,0.2457032420986
0.368948269541427,0.281530051654124,0.121892151254416,0.24776013415963
0.371083290240898,0.283704644501932,0.122881826236668,0.249757385767119
0.373281690023097,0.28595424760507,0.123910007554667,0.251831366921325
0.375422259291994,0.288141590682846,0.124905625907164,0.253840498752179
0.377617406127052,0.290396922668409,0.125936761471102,0.255920271712259
0.379770740646953,0.292607487237001,0.126944424394012,0.257953304424145
0.381974818003775,0.294878251445444,0.127983077135601,0.260048072671778
0.38412728183389,0.297092461770878,0.128992084625935,0.262083817759467
0.386334711909223,0.299373536323301,0.130035858589729,0.264188745091688
0.388487330282746,0.301594126220415,0.131047914657666,0.266230526721205
0.390698610126702,0.303886452643288,0.13209737385341,0.268346714955784
0.392855912304425,0.306119075358643,0.133115499315496,0.270400525592038
0.395062594000375,0.308414322733768,0.134166525384041,0.272519721343856
0.39722413012273,0.310660105557181,0.135191562785517,0.274587176619352
0.399435639211821,0.312967731315295,0.136248851965499,0.276718778419598
0.401595991835561,0.31521863365648,0.137276316870872,0.278791014307619
0.403806992926103,0.317533469908624,0.138337314719855,0.280929901550759
0.405967827546639,0.319792659415973,0.139369037752467,0.283010518288775
0.408179437795092,0.322116123788993,0.14043449333186,0.285158177368471
0.410341837953513,0.324384921966516,0.141471167785211,0.287248551527751
0.412553618295859,0.326715626545865,0.142540213694417,0.289403286049691
0.414714090894302,0.32898910271746,0.143579122763588,0.291498040627248
0.416917473625794,0.331319717930762,0.144648332066149,0.293652937004034
0.419078663458085,0.333603931293177,0.145693096788431,0.295759173143867
0.421288158670932,0.335948368470733,0.146769279566793,0.297927887010146
0.423447486609658,0.338236621590984,0.147815836099108,0.30003764337973
0.425645744050455,0.340577898345032,0.148890609346872,0.302203377437318
0.427804354588403,0.342875662624272,0.149942441185737,0.304323442676176
0.430008123761587,0.345230516386566,0.151024127210453,0.306502854432578
0.432162975545644,0.347530354663004,0.152076763341476,0.308624462308814
0.434379334026085,0.349918004104513,0.153177050375949,0.310840434582944
0.436553954344229,0.352258841755916,0.154252563400803,0.313007113871081
0.438683215045274,0.354547849102466,0.155300578385645,0.315119099545566
0.440778757515504,0.356797676185847,0.156327539734807,0.317189250728534
0.443039606891892,0.359220159673572,0.157440936730689,0.319432206309706
0.445251380275384,0.361588045244337,0.158525517762353,0.321617811512824
0.447166802015109,0.363720475690526,0.159503034168692,0.323586643331316
0.4490158750018,0.36579218991109,0.160450826812571,0.325495810295744
0.451263601912675,0.368219413132327,0.161567310183491,0.327744503565062
0.453469753003279,0.370598889814619,0.16265831042195,0.329942514376871
0.455378201789498,0.372737355240673,0.163638553496279,0.331916558310629
0.45719240818113,0.374789534468433,0.164576643908374,0.333805979970265
0.459321136592734,0.377130636516792,0.165653357183639,0.335974014236445
0.461422100083602,0.379437056274198,0.166710990074678,0.338104203887568
0.463547004444095,0.381782731029882,0.167789993361599,0.34027662975546
0.465635784656868,0.384088137626287,0.168847489705028,0.342406277564401
0.467753810540993,0.386437149770287,0.169928396664745,0.344582292139866
0.469838589178988,0.388748917967948,0.170989383483218,0.346718697647928
0.471988281498807,0.391147951843704,0.172096895588351,0.348947407257692
0.474099814517579,0.393503012654451,0.173180862169052,0.351129323386956
0.476172548035676,0.395813506227181,0.174241011564255,0.353263898851546
0.478209608929078,0.398082846730027,0.175279111584606,0.35535465779094
0.480440736788828,0.400560464981634,0.176422518410751,0.357655722400983
0.482630217305751,0.402990865567298,0.177540808242116,0.359906843731327
0.484462120299479,0.405109069889009,0.178510977278844,0.361859704587004
0.486141587419759,0.407088787630455,0.179414144384331,0.363677954057113
0.488365660743048,0.409575949099031,0.180562744857861,0.365989084301752
0.490553365228555,0.412020294445372,0.18168837384012,0.368254571908341
0.492531862574416,0.414282778952542,0.182727508959033,0.37034590954837
0.494445563594488,0.416481195306406,0.183734331534884,0.372372625035877
0.496582189513099,0.418898329965872,0.184848695997352,0.374614840431993
0.498685594159193,0.421275699327769,0.185941619879314,0.376814475317267
0.500806602652107,0.42368390292293,0.187051438128181,0.379047479592588
0.502897399723066,0.426058111158765,0.188143067731783,0.381244323737362
0.505018397378736,0.428474583967251,0.189257117901766,0.383485646700809
0.507108058571062,0.430854721806109,0.190351649136815,0.385688193325745
0.509206683847955,0.433253214230771,0.19145628098782,0.387910665851293
0.511289751901564,0.4356364468121,0.192552788926482,0.390116951789771
0.513375745334861,0.438029866528656,0.193655004659497,0.392334452404624
0.515444712375537,0.44040572667285,0.194747833861159,0.394533268341225
0.517548483797667,0.442825726581934,0.195863606216806,0.396777711635131
0.519620819458981,0.445208506669056,0.196959334521922,0.39898234978999
0.52166993551295,0.447585057657538,0.19805422260642,0.401184701889876
0.523691330402293,0.44992787132424,0.199130807950872,0.403350733800675
0.525728107187154,0.452298432632248,0.20022275643088,0.405547078734605
0.527740173561519,0.454638438214278,0.201297997311879,0.407710283358058
