Baseline,K=1,K=5,K=10
0,0,0,0
0.001436123161985,0.001436123161985,0.001436123161985,0.001436123161985
0.001916346030651,0.001916346030651,0.001916346030651,0.001916346030651
0.00189809770349,0.00189809770349,0.00189809770349,0.00189809770349
0.002540478821695,0.002540478821695,0.002540478821695,0.002540478821695
0.003836078433575,0.003836078433575,0.003836078433575,0.003836078433575
0.005028036327347,0.005028036327347,0.005028036327347,0.005028036327347
0.006092631992664,0.006092631992664,0.006092631992664,0.006092631992664
0.006980761702013,0.006980761702013,0.006980761702013,0.006980761702013
0.007736850154578,0.007736850154578,0.007736850154578,0.007736850154578
0.007962633988575,0.007962633988575,0.007962633988575,0.007962633988575
0.007937437954527,0.007937437660819,0.007937442769023,0.007937437477804
0.008584724184803,0.008584722915152,0.008584767403093,0.008584721615103
0.009899121464124,0.009899118585635,0.009899286123005,0.009899114307113
0.010294904497155,0.010294898721051,0.010295381485071,0.0102948876804
0.01027325534627,0.010273244150234,0.010274428433455,0.010273219910781
0.010571578228663,0.010571557454779,0.010574009220764,0.010571512105494
0.011198261129739,0.011198224534616,0.011202631970422,0.011198149263237
0.011777118739912,0.011777056780335,0.011784334474851,0.011776939424063
0.01230364546019,0.012303545209212,0.012314821855895,0.01230337069776
0.012640757401511,0.012640600442837,0.012657408852795,0.012640347969742
0.012877630621519,0.012877393072532,0.012901577753439,0.012877037677227
0.012936583774665,0.012936231959386,0.012970224548334,0.012935739842382
0.012904455436321,0.012903946095672,0.012950573205154,0.01290327701779
0.01291329186031,0.012912575230737,0.012974687044456,0.012911687481757
0.012970445401254,0.012969462934239,0.013050048835955,0.012968310816325
0.013006033588511,0.013004710268028,0.013107309622122,0.013003236868177
0.013024491529402,0.013022736268689,0.013151141836624,0.01302087662647
0.013027710741433,0.013025414133121,0.013183657493062,0.013023094011869
0.013014725149152,0.0130117571025,0.013204147536898,0.013008891947958
0.012998701382209,0.012994912060014,0.013225839927049,0.012991408855544
0.012965229869923,0.012960442426543,0.013234856698066,0.012956192977142
0.01281177570097,0.012805742895039,0.013131563416393,0.012800586492853
0.012548944156988,0.012541358438633,0.012928182423007,0.012535097895906
0.012451351302104,0.01244201055594,0.012892165543155,0.012434555089953
0.012415972420022,0.012404610749594,0.012921980889515,0.012395832292947
0.012384149902679,0.012370435496874,0.01296077351711,0.012360163752893
0.012353505704669,0.012337077216377,0.013006801724869,0.012325124740635
0.012278936650764,0.012259336147042,0.013018230911414,0.012245448466969
0.012427928992329,0.01240510948481,0.013248200879613,0.012389324653786
0.012527500265854,0.012501006388444,0.013438523248826,0.012483072620049
0.01256817914552,0.012537463745503,0.013581676818777,0.012517079928394
0.012583612269371,0.012548123392261,0.013710097322168,0.012525000679295
0.012576787574827,0.01253590948687,0.013827251111865,0.012509731670133
0.01254447002033,0.012497496523735,0.013930885318031,0.012467904420692
0.012496106739542,0.012442276672463,0.014030260092395,0.012408893129853
0.012554145938357,0.01249318711609,0.014234204535332,0.012455953856157
0.012676789628684,0.012608332092955,0.014503318311976,0.012567132178703
0.012796583623522,0.012719935819289,0.01477786908169,0.012674453560205
0.012891994547825,0.012806294918819,0.015040143941979,0.012756112654293
0.012972726079278,0.012877102331155,0.015299739495738,0.012821802429791
0.013038526966659,0.012932029122225,0.015557349181598,0.01287115854753
0.013085079446521,0.012966631234882,0.015810102808482,0.012899677118194
0.013118768162103,0.01298724351788,0.016063970524129,0.012913680079055
0.013130784742721,0.012984855646854,0.016312217241069,0.012904058885044
0.013121299829177,0.012959491069652,0.016555604553806,0.012870773524845
0.013093560771631,0.012914272052347,0.01679727212876,0.012816897277264
0.013047822506916,0.012849280683592,0.0170378532433,0.012742438151326
0.012985300665414,0.012765554249792,0.017278664307409,0.012648358525507
0.012906682006836,0.012663574413095,0.017520537851098,0.012535052283833
0.012817714248036,0.012548966332404,0.017767949921111,0.012408102988969
0.01271687247098,0.012419936861506,0.018019853494481,0.012265597424403
0.01259214559773,0.012263890640863,0.01826800373972,0.012094650801151
0.012440368228063,0.012077150165923,0.01851095119388,0.011891337783691
0.012292938109212,0.011891618932583,0.018770302746234,0.011687860906106
0.012145067185906,0.011702089216394,0.019042083672923,0.011478814042123
0.011987369926993,0.011498463659974,0.019319818418786,0.011253741109759
0.011823070777125,0.011283626128465,0.019605444691079,0.011015359343913
0.011648283395968,0.011052980233463,0.019896450881056,0.010758700501414
0.011468421309444,0.010811604404081,0.020195948123697,0.010488661487776
0.011289693105273,0.010565483002259,0.020507073186967,0.010211092465842
0.011113348587161,0.01031538373434,0.020829843393694,0.009926470856243
0.010934559261112,0.010055456850493,0.02116102707554,0.0096283323698
0.010758156637278,0.009790163957964,0.021502679117397,0.009320840836283
0.010767576494294,0.009721904343427,0.021945947919477,0.009217037656635
0.010840881031801,0.009719454479518,0.022425100073991,0.009180603132317
0.01041318712223,0.00914717116938,0.022667339333119,0.00853476642082
0.009407429514125,0.007871681544231,0.022674086284066,0.007104445685637
0.009220310168391,0.007520976363778,0.023062849071366,0.006661006503484
0.009337696741587,0.007529866767137,0.023577869419687,0.006615129246988
0.009130545480394,0.007122208591732,0.023958616387263,0.006084307307148
0.008368882160145,0.005931027669515,0.024133376286293,0.004548285538913
0.008096250903996,0.005321600854754,0.024502113182009,0.003605995276177
0.008124486519583,0.005123515053586,0.024974404078878,0.003172684247661
0.008195207149802,0.004972992418939,0.02545304289074,0.002764548588943
0.008300945971721,0.00486297961609,0.025934691754324,0.002370797137908
0.008420690679229,0.004761677442929,0.02641187366451,0.001915730857405
0.008571614888633,0.004701454462397,0.026891164743208,0.001444642317052
0.008754704881052,0.004688333934498,0.027373282967116,0.000955210243801
0.008972425573298,0.004730466930378,0.027859709283869,0.000467180978845
0.009222408002018,0.004826106212301,0.028350015008183,2.89E-05
0.009503071078221,0.004973396959137,0.028844386299397,0.000520636819914
0.009812912740539,0.005169706970456,0.029342789847044,0.001023102954697
0.010149359862259,0.005409334014155,0.029845245487027,0.001523979298659
0.010510369227357,0.005687311218826,0.03035169836242,0.002025631132287
0.010892469422609,0.005995940049679,0.03086164673161,0.002521717574101
0.011294337207199,0.006331805028277,0.031375141234011,0.003017067016871
0.011712783204983,0.006688338701334,0.03189164737743,0.003507108472939
0.012046381539295,0.006886410340394,0.032377897255445,0.003671859062069
0.012347663322072,0.007020989276373,0.032850758912982,0.003713628796534
0.012866680507841,0.007533591814685,0.033397468004031,0.004433841696675
0.013671802475244,0.008506316351758,0.034053219933685,0.005800047424208
0.014271725385999,0.009113519217847,0.034640352988241,0.006530198273561
0.014751118952311,0.009519803619795,0.03518038369494,0.006960926715868
0.015235427360492,0.009927171766593,0.035718808285183,0.007386581601532
0.015725464639333,0.010337104646321,0.036256002776659,0.007810000888612
0.016083342891125,0.010538578426341,0.036735458757872,0.007953469663616
0.016395903287468,0.010664884270532,0.037192923744718,0.007995261153594
0.016902957093304,0.011087445327614,0.037731191454051,0.008429570857175
0.017612355893895,0.011811604230252,0.038359844927573,0.009248589026605
0.018334510727563,0.012541867029989,0.039000253383485,0.010057569140421
0.019059573708407,0.013264771754326,0.039646129032458,0.010843530151016
0.019634484651167,0.013761991479072,0.040223325631304,0.011345221941238
0.020145571210913,0.014162622780053,0.040767687419662,0.011727023338287
0.020765420525183,0.014714267513777,0.041360773732239,0.012288881437562
0.021426639469058,0.015318965004847,0.041971848134483,0.012910370656995
0.02185013491235,0.015583454691606,0.042461525427308,0.013124799985868
0.022178548322148,0.015708570261196,0.042897105483611,0.013172060953903
0.02300709491222,0.016537489239191,0.043579859384328,0.014054787715336
0.024402800221264,0.01813379798023,0.044563624227936,0.015816914982155
0.02532132492571,0.019056933323422,0.045303502090138,0.016783482752727
0.026003401767655,0.019656534187965,0.045908958599229,0.017377860861946
0.026687313779561,0.020253737098928,0.046504388521153,0.017967927965724
0.02736910232524,0.020843501392125,0.047087929441858,0.018548091715323
0.02779796213572,0.021094238618868,0.047517729086237,0.018745393318637
0.028130334040088,0.021211769222283,0.047882609942454,0.018791250454146
0.029150791713568,0.022241174885821,0.048639659210129,0.019864189677459
0.03088731889467,0.024190100481295,0.049832338262294,0.021950589692714
0.032016979608767,0.025334127889894,0.050670780075884,0.023132342163718
0.032866782239227,0.026115316997865,0.051329292080485,0.023912866273052
0.033685605745447,0.026852476409425,0.051954605918189,0.02464391618963
0.034483305788239,0.027558707440356,0.052552788055953,0.025340116335534
0.0352943250615,0.028278098971915,0.053147788659681,0.026049681179532
0.036099254620904,0.028986545543695,0.053729062486406,0.026746411360829
0.036573540145412,0.029276804409297,0.054081843982901,0.026988357729138
0.036910696948327,0.029389998590293,0.054332675275232,0.027036870691408
0.037662091225487,0.0300233235368,0.054854151965427,0.027650674435786
0.038817051377758,0.031162330634053,0.055651063185822,0.028812372734438
0.039957043336925,0.032277083569756,0.056444530032172,0.029944741691968
0.041067548338702,0.033350465898783,0.057221764215369,0.031030025565866
0.041640145875084,0.033753010734563,0.057615648712685,0.031391784795092
0.04198494756361,0.03386855242339,0.057838055543308,0.03144357839977
0.042874617210493,0.034660732921799,0.058444982853866,0.032224332225896
0.044332412502704,0.036154805848943,0.059468807757779,0.033758303227496
0.045237516642524,0.036960297668179,0.060091454972862,0.034550734008719
0.045903514730392,0.037468997963886,0.060533145672802,0.035024634979863
0.04656597663088,0.037971040272358,0.060966341916496,0.035490974012154
0.047226137306811,0.038467886718229,0.061392300488191,0.035951277382068
0.047664493011415,0.038687230128759,0.061643778168413,0.036113431683655
0.048020663024386,0.038800250032013,0.061826409475295,0.036160363926482
0.04867542754597,0.039282288381742,0.062235351044448,0.036603006533151
0.049620675907782,0.040124989813238,0.062870912044703,0.037432663407725
0.050558242269834,0.040956104956418,0.063504263848878,0.038249062064338
0.051478869583097,0.041764339030043,0.06412672218926,0.039040237835304
0.051999519946039,0.042072935303707,0.064429347170044,0.039295264378779
0.052369656802024,0.042190099147979,0.064606231964958,0.039343967456147
0.053310373279532,0.043018218595594,0.065239575583491,0.040155434964705
0.054974624446681,0.044744515586394,0.066467497292514,0.041927928654348
0.055744146944572,0.045356360007244,0.066966038405479,0.042506371146819
0.056127129140948,0.04548639716847,0.06713749508108,0.042569238908834
0.05698525098221,0.04620425811597,0.067694770968259,0.043260568732459
0.058316970249325,0.047507919521683,0.068647000002124,0.044577454530837
0.059244763263219,0.048308648611671,0.069257936251647,0.045356260720422
0.059981734746341,0.048871892555281,0.069700330643081,0.045881440967738
0.060462149562648,0.049114458145219,0.069912986083385,0.046063860107369
0.060846950983577,0.049233915448663,0.070032495079307,0.046113760100831
0.061719024338519,0.049957766674467,0.070567017175001,0.046809310469163
0.063069471685914,0.051275258924127,0.071520085726719,0.048138476850298
0.064379086729173,0.052538999385095,0.07244248212076,0.049408790537073
0.065626326484234,0.053723347159927,0.073311158303726,0.050593528682136
0.06628691648307,0.054182229975082,0.073650064644628,0.05100596617482
0.066683066213653,0.054311171659511,0.073737802829506,0.051066682435501
0.067801534080513,0.055331617863298,0.074466363082478,0.052076480283885
0.069719787801113,0.057334724228365,0.075924186155556,0.054129595106733
0.070948522358608,0.058485653471567,0.076755420834949,0.055275805198813
0.071839947057408,0.059222486593824,0.077270620797518,0.055982819486114
0.07237389975448,0.059519123105839,0.077442443244061,0.056222935929649
0.072768588663012,0.059640836002459,0.077470711482456,0.056276711356184
0.073792225130177,0.060534216973774,0.078080908920792,0.057149090604697
0.075445530260583,0.062199144372952,0.07928856313592,0.058838848204321
0.076507072149528,0.063136458878392,0.079938529869427,0.059756662885356
0.077304227596865,0.063749660687961,0.080333574956775,0.060331211882485
0.078090875765963,0.064348604122596,0.08071292191106,0.060890416060599
0.078867908301094,0.064934214822619,0.081077507058293,0.061435191011052
0.079376613868389,0.06518845648295,0.081175185377302,0.061628505582449
0.079780446568312,0.065310365748271,0.081163282514527,0.061680675963911
0.080650045011811,0.0660044594808,0.08160552385105,0.062339182946258
0.081983732565153,0.067269777661228,0.082509754778022,0.063603026571576
0.082933375312527,0.068060887382933,0.083036492023066,0.064363701092291
0.083647487422416,0.068561241090889,0.083327644580777,0.0648160425533
0.084345677048264,0.069040487419882,0.083599789765587,0.0652456330368
0.085035600103416,0.069507821901064,0.083860273395805,0.06566215003043
0.085808483661829,0.070076247988835,0.084202583131932,0.066185491625062
0.086619051572973,0.070690213602273,0.084582155852422,0.066756821137468
0.087408277613818,0.071276936808353,0.084938914318622,0.06729898434954
0.088173006687568,0.071832485613198,0.085268786282588,0.067807818919907
0.089058051273017,0.072536681683586,0.085721598269286,0.068474253610162
0.08997440532438,0.073279232151521,0.086205620391326,0.06918124054837
0.090544717572221,0.07359099659669,0.086323987481177,0.069430627698177
0.090972159181549,0.073722391679613,0.086285015404665,0.069487710489263
0.092014232789185,0.07461860546283,0.086891514023636,0.070357315175153
0.093860221297476,0.076514083898946,0.088356293204451,0.072287519923913
0.094755083067406,0.077226485142301,0.088812221107246,0.072961411034572
0.095190483681732,0.077367585463312,0.088772491119655,0.073028960097225
0.096123090727425,0.078125350684884,0.089261660300312,0.073750684207832
0.097779859198427,0.079782047294473,0.090534636160216,0.075425801298107
0.098864372154066,0.080727470361656,0.091190960712858,0.076346052646017
0.099672244423413,0.081330326060554,0.091545472591898,0.076903273509522
0.100208249559162,0.081594591013954,0.091597016440186,0.077101253126014
0.100639192742955,0.081725426681727,0.09152510873994,0.077156931023582
0.101549604075335,0.082451549199571,0.091977869355874,0.077843927697667
0.103002483474006,0.08385243850955,0.093034488749551,0.079246638355738
0.103743419476057,0.084367008122665,0.093302099225004,0.079708787101344
0.104182658617422,0.084504755703777,0.093229963849147,0.079770696980651
0.10487958052424,0.084961795265334,0.09344263731175,0.08017093368742
0.105911455644963,0.085836166905276,0.094032603179865,0.081014039948829
0.106928478454176,0.086691487770886,0.094608220477236,0.081836627607855
0.107920081078509,0.087514977727964,0.095157565964301,0.082625240026629
0.108523249669731,0.08785256197957,0.095263776458181,0.082897612844024
0.108966851113918,0.087988403034951,0.095183315884364,0.082954960135837
0.1097483270807,0.088545944449733,0.095488619469311,0.083459988112049
0.110871814830691,0.089531892898807,0.096190495271741,0.084420229794277
0.111657078541338,0.090092924753179,0.096502495638681,0.084928383766289
0.112290887701,0.090463076244553,0.09663811603973,0.085233207126148
0.112790829123949,0.090662973922552,0.096614553452047,0.085356210236516
0.113242271143077,0.09079902145956,0.096530046445302,0.085410292578737
0.11398957644807,0.09130689305508,0.096792628754602,0.085859906304217
0.115004432422628,0.092152348029909,0.097373875036905,0.086669019855053
0.115732360788216,0.092634088023786,0.097616051568253,0.087090037898485
0.116335892210285,0.092957264734956,0.097709696546967,0.087341501437716
0.116833592609986,0.093144136077901,0.097674203202875,0.087446759928684
0.11729539231022,0.093282637804223,0.097592063121685,0.087499381871559
0.11785758568468,0.093546490958785,0.097628555565696,0.087685033930447
0.118623777165238,0.094069208874624,0.097912480713805,0.0881469116435
0.119393878881591,0.094595578405586,0.098202050820187,0.088612161538961
0.120164359216802,0.095121249503627,0.098493222142335,0.089076165616715
0.120724122120101,0.09537498733708,0.098525034796723,0.089248266737238
0.121200184236783,0.095518622851702,0.098451437745622,0.089301388268843
0.121675155760107,0.095657829637771,0.098373769974523,0.089348620630683
0.1221505668116,0.095794442911345,0.098293953390475,0.089391880488357
0.122641235582062,0.095947581638356,0.098230723583061,0.089451683591762
0.123148199742748,0.096118675520014,0.098185801495552,0.089529592760817
0.123640217101492,0.09626706563201,0.098119854517745,0.089581811518891
0.124133982682299,0.096414519368649,0.098054136178388,0.089631766451635
0.124810830139175,0.096799040508922,0.098221667545918,0.089936517535975
0.125706829805495,0.0974696515879,0.098672163717616,0.090549611587045
0.126579772648799,0.098110206989891,0.099096420141773,0.091130086939486
0.127416837051086,0.098704363960021,0.099477111567923,0.091660444271147
0.128221243161254,0.099256077391793,0.099816432190873,0.092144921211553
0.128995030072847,0.099767628851319,0.10011525465726,0.092585901221802
0.129780190198086,0.100293894916866,0.10042715175306,0.093042626624381
0.130556709093965,0.100808417957653,0.100725778854247,0.093486453197182
0.131342083398673,0.101334195716576,0.101034112532279,0.09394223265603
0.13211999210999,0.101849690466307,0.101330956624348,0.094386638358954
0.132900325251081,0.102367923270015,0.101629544184401,0.09483374229041
0.133672056153233,0.102874294386137,0.101915509275876,0.095267709406128
0.134443798374026,0.103380145715101,0.102200424102927,0.095700800418363
0.135207609261745,0.103874927212927,0.102473889865479,0.096121557508257
0.135968575280141,0.104365328625956,0.102742795731886,0.096537207773623
0.136721690222476,0.104844662849775,0.103000531646454,0.096940472578278
0.137306369847384,0.105099278861288,0.103030592166152,0.097099279835199
0.13782264020792,0.105260881758181,0.102965394908274,0.097156144806636
0.138540714291279,0.105689409166221,0.103170997545762,0.097502324268
0.139461343839677,0.106387167793719,0.103652016918328,0.098140838976809
0.140370917948118,0.107069895793205,0.104119999644098,0.098762712597699
0.141262846176815,0.107729143317522,0.104566094641673,0.099358846025384
0.14202393490208,0.108213478792329,0.104834392513421,0.099764384148462
0.142726246891264,0.10861861605457,0.105021859438974,0.100083287992845
0.143301411123601,0.108852129341896,0.105032627840667,0.100214550205868
0.143827255186579,0.109017313804099,0.104972297164874,0.100270322477627
0.144489715182988,0.109363951692898,0.10509901540708,0.100523127302595
0.145329929911043,0.109948554663882,0.105472901846417,0.101035138809076
0.146164569184369,0.110525026271871,0.105840246977715,0.101537852563111
0.14698818723142,0.11108633577088,0.106193682630923,0.102023663867885
0.147607477384627,0.111371196761293,0.106260667196465,0.102206780403221
0.148143694951254,0.111542033013716,0.106208779726695,0.102264256784982
0.149212500023291,0.112432558761947,0.106909025049643,0.103108962304483
0.150798183597863,0.114021547733814,0.108342991428785,0.104717454253136
0.151966821605793,0.11504942267894,0.109194124691599,0.105712482206632
0.152870379533051,0.115723007089166,0.109675744825205,0.10632109084235
0.153773826225954,0.116397258768166,0.110157125148128,0.106930685303525
0.154666764552696,0.117057438610377,0.110622353913677,0.107524939479094
0.155534998094628,0.117684419888748,0.111051668327376,0.108082881859574
0.156379486234109,0.118279604391178,0.111446982295264,0.108606008822099
0.15713342431003,0.118752894980478,0.111713423991499,0.108995741841595
0.157847415096533,0.119171851552374,0.111922077130085,0.109325704699597
0.158429938975521,0.119411606929343,0.111940448780413,0.109458812722295
0.15896284697777,0.119582051181324,0.111884780496964,0.109514985411635
0.159729370332045,0.120067697468349,0.112164441814484,0.109915887780779
0.160732406634492,0.12087351081397,0.112786735272189,0.110667438980038
0.161476616352941,0.121327181875231,0.113036045803553,0.111032269215589
0.162116421193133,0.121638011838121,0.11313438618838,0.111239717684651
0.162754223412843,0.121943000800414,0.113225604285283,0.111438636058815
0.163392554022608,0.122246518115115,0.113315474517746,0.111634544492036
0.164034002315965,0.122547571340386,0.113397950664859,0.111822886058531
0.164677485961033,0.12284801795185,0.11347879003377,0.112008209143925
0.165255710917388,0.123061474856883,0.113471454926266,0.112099793575493
0.165810021565867,0.123242417884314,0.113432317910723,0.112156143150393
0.16653947674877,0.123644341779869,0.113613406958689,0.112441598898187
0.167446311621435,0.12427120173013,0.114020433227579,0.112960907663961
0.168168512806515,0.124647680343306,0.114163730835999,0.11320646055155
0.168814965765271,0.124922510056144,0.114202664184054,0.113341669064023
0.169473923953092,0.125204927025191,0.114242549780339,0.113477881633387
0.170136197515819,0.125489695084524,0.114285740650017,0.113615020453592
0.170816603908678,0.12578554283803,0.114329395210464,0.113753617119398
0.171501161460373,0.126084053719796,0.114375978090667,0.113892716573843
0.172122317280493,0.126314742782816,0.114372810986934,0.1139721309656
0.172714070559957,0.126516507059518,0.11435371787814,0.114028830162715
0.173504847008523,0.126938940617598,0.114521495888645,0.114287204824612
0.174534388734587,0.127625860434891,0.114913321939787,0.114786654138766
0.175386871044015,0.12807756626102,0.115062722869403,0.115032666814954
0.176139699735318,0.128400970573167,0.115085447639596,0.115143360121153
0.176879432906057,0.128716000230362,0.115112650273492,0.115251964705622
0.177606150255095,0.12902339082572,0.115145730179683,0.115359916629058
0.178383090664929,0.129365769558809,0.115185213019789,0.115478643120497
0.179171772652986,0.129717427348679,0.115231396962792,0.115601451308209
0.179992327064268,0.130091537712429,0.115283762654623,0.115731046095923
0.180814999009289,0.130468458525934,0.115342900126666,0.115862868308999
0.18152773145665,0.130754426640073,0.115368261409646,0.115942612518498
0.182184894741119,0.130997783831979,0.115385203382604,0.116002616673076
0.183058559172968,0.131427874865025,0.115496301803335,0.116177468322472
0.184204600489372,0.132091908384789,0.115724118200169,0.116494108749508
0.185325587219666,0.132740869023637,0.115960093125599,0.116808737761233
0.18641816152204,0.133370792225719,0.116200118879095,0.117117525938349
0.187518872459039,0.134018419068902,0.116470650714967,0.11745009899782
0.18859646720306,0.134651052144095,0.11674568439277,0.117778555656003
0.189730306111709,0.135336315877576,0.117057204089112,0.118142921507876
0.19085932111658,0.136018426618036,0.117372255134066,0.11850478781793
0.191740062735866,0.136456855000547,0.117519216790439,0.118675817124905
0.192483790660545,0.136766412905638,0.117586183366231,0.118752361490603
0.193799101666861,0.137643725090643,0.118067312489586,0.119275682807016
0.195675322650097,0.13907806269766,0.118959646566783,0.120238045000255
0.196796158704331,0.139755940369205,0.119296606019546,0.120592961652393
0.197578747033061,0.140099104695871,0.119392472630729,0.120682332474334
0.198930939147315,0.14099651663945,0.119883366199288,0.121195094157753
0.200967982661379,0.14255990173729,0.120853563709882,0.122217783560564
0.202174328306536,0.143308779215414,0.121240002694496,0.122605051713932
0.20299674222011,0.143685555850717,0.121364493988952,0.12270557785236
0.204426834959818,0.144621622213518,0.121849500935077,0.123195094318521
0.206505195215751,0.146156265037003,0.122728484415261,0.124104662918549
0.208219299015904,0.147321609942909,0.123325817760988,0.124709042910769
0.209724203601387,0.148281402892976,0.123775056051323,0.125149215163332
0.211162281169935,0.149189425321368,0.124209201712162,0.12556341773225
0.212533478315355,0.150046278596018,0.124629059364226,0.12595306986714
0.21361417435807,0.150646216563268,0.12489796475087,0.126173382621841
0.214533215074929,0.151107896217501,0.125093074964615,0.126308400918978
0.216168632032485,0.15219634526861,0.125658304931502,0.126838364387676
0.218523685985427,0.153917661258508,0.126608158205097,0.127773194851052
0.219933205951129,0.154811652541143,0.127071797787253,0.128179641506028
0.220912282204966,0.155329914629697,0.127313889172536,0.128345417112778
0.222569070511472,0.156477503572428,0.127991384307699,0.128962123687749
0.225223969134856,0.158550794521735,0.12931482851771,0.130245135369027
0.227298912980808,0.16005836182853,0.130212074504888,0.131081681495342
0.229043829159022,0.161249517288652,0.130876450568534,0.131672659451165
0.231023152650465,0.162770782697011,0.131941146104654,0.132657449643938
0.233036976561363,0.164369878275625,0.133131355409509,0.133761488916392
0.23494097980421,0.165862450709907,0.134241487148296,0.134779695131618
0.236731579632735,0.167242364194416,0.135262293877372,0.135702868814966
0.238100171960794,0.168170575761905,0.135873034487254,0.136207800167947
0.239209417675752,0.168829865653657,0.136250334621185,0.136472425211944
0.241296767798925,0.170566929907509,0.137655022645594,0.137765870289021
0.24436394093898,0.173378398938565,0.140085507304382,0.140085487255977
0.246103770535996,0.174732457552156,0.141132170596278,0.141010425266203
0.247241125806456,0.175431985948789,0.141562349838183,0.141312252798383
0.249311369033371,0.177116748710769,0.142891236590252,0.142512289092293
0.2523546447856,0.179828458914459,0.145163616985142,0.144654298036722
0.254754646196623,0.18182235652048,0.146737756304367,0.146091970594903
0.256769372589169,0.183395925585449,0.147911839218,0.14712478645777
0.258838531028902,0.185020110971685,0.149126658183833,0.148194610788141
0.260866981876135,0.186609204059798,0.150320922802304,0.149240358302104
0.262968188551658,0.188270496553467,0.1515777764533,0.150346139809245
0.265043188621214,0.189910979476423,0.152824453425001,0.151439708550636
0.267189878152853,0.191623619221058,0.154134192725697,0.152594894105353
0.269303783938363,0.193309240299808,0.155427690573644,0.153732909972833
0.271588979149081,0.195164686666071,0.156866292192063,0.155015235389083
0.273869787430097,0.197021038271606,0.158311970960657,0.156304401626629
0.276018560992332,0.198755094848829,0.159662008144991,0.157498477521737
0.278032342455737,0.200363326055648,0.16091120086828,0.158592839986447
0.279584750367722,0.201511991861938,0.161755362510237,0.159284727576418
0.280866806802468,0.202396099809157,0.162369108908174,0.15974893091668
0.282850543336407,0.203999527283835,0.163633788257617,0.160863945527304
0.28576227377024,0.206550124164147,0.165756342709131,0.162835772128053
0.288530009527521,0.208962832666607,0.167763667974937,0.164695399611273
0.291152618012547,0.211235188497531,0.169650252285972,0.166437629737132
0.29353330536143,0.213248962689723,0.171282134273851,0.167928544141793
0.295730403715129,0.215075392581802,0.17273768264665,0.169246777509856
0.297358179795363,0.216333374983205,0.173680302889714,0.170057949457151
0.298666456982495,0.217274712122837,0.174335905555133,0.170587317917471
0.300993436434931,0.219281992599197,0.175999871058942,0.172125475952037
0.304329706128423,0.222342968868909,0.178662519354669,0.174663007045598
0.306931225839785,0.224626748558007,0.180568571385368,0.176450651273198
0.309150401084032,0.226511661894463,0.18208809519652,0.177857646009456
0.311434785638545,0.228473722457742,0.18368588630198,0.179347633109116
0.313657892227703,0.230379234105849,0.185231750145865,0.180790985604056
0.315312290854984,0.231705216203182,0.186230755273176,0.181694957577405
0.316651382231586,0.232711565469925,0.186925359308647,0.182301192826172
0.318956482758581,0.234751689765806,0.188635762660414,0.18392640207363
0.32225519486152,0.237851477436909,0.191387059213431,0.186595888504647
0.324843172810941,0.240185470482041,0.193365658666889,0.188500085608466
0.327057694628327,0.242121904229804,0.194943609076655,0.190010452004829
0.328731834543416,0.243500420582343,0.195980759692767,0.190987852448476
0.330098979353574,0.244563181739631,0.196708441818092,0.191662910619222
0.332398925466967,0.24663296172267,0.198441889543139,0.193348403254377
0.33562521354416,0.24969917607952,0.201169240317703,0.196032724105979
0.337605036447487,0.251432744927658,0.202557578092417,0.19738700549099
0.338989898285957,0.252533729029005,0.203307805537983,0.198110883866195
0.341050546572296,0.254379380226613,0.20481898169683,0.199601907017483
0.343796651471098,0.256977041562414,0.207096680544174,0.201865745457665
0.346405464837251,0.25942785021052,0.209219088343182,0.203981279337521
0.348878084586568,0.261732375923252,0.211185790538337,0.205947874011721
0.351165301773496,0.263845308238726,0.212959314209235,0.207728188219729
0.353293921974049,0.265791661530546,0.214560310252132,0.209342534559533
0.355455645620243,0.267785276309317,0.216213731409563,0.211015935321857
0.357550159865307,0.269711359337817,0.217795361719105,0.212624110153675
0.359685957177555,0.271693880935219,0.219438898224773,0.214301038541749
0.361758741144371,0.273612987430255,0.221014000534947,0.215916286316398
0.363869794534078,0.275585364435245,0.222647675593214,0.217597139046492
0.365915837211961,0.27749162018939,0.224209268111971,0.219212769519949
0.368000749772498,0.279452002531291,0.225830408671218,0.220895089107041
0.370022804675869,0.281348268044815,0.227380954612953,0.222513728483842
0.371664186567859,0.28282125642097,0.228475811151861,0.223683168830285
0.37307685233767,0.284042613932154,0.229298365543203,0.224587016776258
0.375082774847979,0.285974297093165,0.230914672280676,0.226293891713651
0.377686048476161,0.288616137943346,0.233319904597823,0.228798928024613
0.379490340945798,0.290317296859197,0.234667089514225,0.230250126154629
0.380898061385089,0.291558636331249,0.235499091280502,0.231191778437972
0.382889619474492,0.293485973728544,0.237085245762206,0.232896269648431
0.385469970122127,0.296100730018301,0.239423188937719,0.235361202722126
0.387257884489251,0.297803000327057,0.240754356185701,0.236824069283041
0.38865507952472,0.299059351439139,0.241592596497377,0.237799708845521
0.390520049669524,0.300890960751343,0.243087578107594,0.23944141716813
0.392863219609177,0.303305911688281,0.245244176071211,0.241754084901803
0.394969629727461,0.305431839797627,0.247058923226478,0.243730175274361
0.396897745967004,0.307344412707661,0.248623262148573,0.245461401305156
0.398713649111498,0.309128464758947,0.250038947586288,0.247049846950224
0.400417697267844,0.310784436428411,0.251306667685692,0.248495997023423
0.402173980154235,0.312529050439827,0.252691149220156,0.250066170764212
0.403887646681239,0.314235095484737,0.254035465511207,0.251602221260254
0.405380959823688,0.315679462713155,0.255077489704964,0.252840379667772
0.406718366429025,0.316941698433802,0.255909612198419,0.253873365049199
0.408330417676586,0.318591286885738,0.257226892472364,0.255401456939271
0.410252137591495,0.320668636051761,0.259072911232029,0.257468658895552
0.411989199058185,0.322475876062978,0.26055939401574,0.259178180821026
0.413594606349883,0.32410641184202,0.261820855514255,0.260665807624869
0.415135372489631,0.32570164913891,0.263073891971832,0.262151606225467
0.416598080545902,0.327220518824843,0.264249142426423,0.263564576981987
0.417950973621143,0.328581915914396,0.265216256925024,0.264771133683746
0.419203004415056,0.32981165700249,0.266018744709508,0.265815299924023
0.420519322479079,0.331227280382332,0.267123772234012,0.26717281064303
0.421916893556558,0.332844869076999,0.268544480250392,0.268857129610937
0.423331134442235,0.334411595945253,0.269837785683136,0.27041316034443
0.42471412485928,0.335905022957651,0.271011428186438,0.271849375487732
0.426020489474711,0.337301226344619,0.27206591814402,0.273167650181271
0.42724741417137,0.338598097450202,0.273000051743629,0.274366867839298
0.428449249782274,0.339847956361597,0.273861669737998,0.275494497100923
0.42959034122284,0.341017105525397,0.274620555707951,0.276520865427663
0.430731821110376,0.342284454028783,0.275570265702752,0.2777484071482
0.431901325138368,0.343696969949692,0.276774366267093,0.279242771726917
0.43304046334536,0.344951028254939,0.27768806454529,0.28044045920605
0.434121726806793,0.346085330063453,0.278418604888713,0.281453135897666
0.435201220616607,0.347299666308054,0.27930467691463,0.282631004433313
0.436312564318287,0.348658451295568,0.280438082217677,0.284068952614587
0.437390237363772,0.349872029010167,0.281313345873589,0.285242585821237
0.438411802847783,0.350971588280641,0.282016272692477,0.286241699188791
0.439462380051027,0.352182953596083,0.282904774691725,0.287436575170596
0.440545693362401,0.353504732848674,0.283971217184239,0.288819713105011
0.441646828044592,0.354791863524671,0.28494687665852,0.290109918316439
0.442717217986743,0.356014781684997,0.285823288977311,0.291300320756802
0.443713888778712,0.357145187964368,0.286588187702524,0.292380176402862
0.444639691775072,0.358185333124594,0.287243355261831,0.293351061776404
0.445587483826544,0.359315933976408,0.288047484134285,0.294480677758104
0.446567624606254,0.360548759495398,0.289012247614069,0.295781338241268
0.447548836468216,0.361741878095264,0.289894953479165,0.296997919319566
0.448497541945635,0.362873034734744,0.290685966670298,0.298121776323127
0.449405050837935,0.363981356235998,0.291468501979596,0.299241754422491
0.450264557453355,0.365037006892441,0.292192260543897,0.300304647198827
0.451122961148464,0.366126227299425,0.292977242531254,0.30143489094497
0.451953896367907,0.367189484109969,0.293735245406152,0.302540133672578
0.452736028273399,0.368182410902079,0.294402670066925,0.303553581532287
0.453469195302287,0.369104931971262,0.294980149581618,0.304475450940493
0.454205907759576,0.370065592453515,0.295623396392809,0.305468813230978
0.454917753489746,0.371002273852974,0.296241939221687,0.306438601108495
0.455618247615331,0.371915926166924,0.296825759345816,0.307372573213316
0.456284927381346,0.372778282995162,0.297342764580678,0.308237720378021
0.456927154782895,0.373650301951956,0.297896987435396,0.309146324665349
0.457566448715338,0.374592122278959,0.298579080491834,0.310195864096556
0.458159352150818,0.37546643038179,0.299174562089948,0.311156939939711
0.45870422035546,0.376271678732908,0.299682458084355,0.312028357541148
0.459270646418455,0.377086269177641,0.300186687768005,0.312894502313711
0.459821476111573,0.377867758815553,0.300642366170822,0.313709485857578
0.460421686733035,0.37874129356441,0.301220984095097,0.314655171310984
0.461078193609411,0.379715334490146,0.301931326581094,0.31574096770225
0.461693066866281,0.380625864299902,0.302560266126946,0.316741938158886
0.462264326848959,0.381471023652054,0.303106724372717,0.317656618575564
0.462747445112912,0.382230628544193,0.303570886968882,0.31849052411509
0.463173531450187,0.382920624194818,0.303956784403822,0.319243681373238
0.463611108540383,0.38365810798573,0.304416312907047,0.320077570312315
0.464068792323312,0.384456700168705,0.304965952081819,0.321010043494505
0.464456362381084,0.385155659001842,0.305395687802628,0.321815898013373
0.464795164194212,0.385780585632475,0.305734673441546,0.322524256260148
0.465115700585658,0.386414909540517,0.30610383008725,0.323268184719321
0.465428062218165,0.387090241569571,0.306548986187832,0.324099198469296
0.465706542162873,0.387701858743987,0.30691101347482,0.324838209779118
0.465954925107521,0.388257686260322,0.307201702620772,0.325497229951498
0.466206681724518,0.388847819629551,0.307549054154689,0.326218763687178
0.466469231794768,0.389484974236849,0.307968538088673,0.32702001734079
0.466726459444287,0.390107733759359,0.308369248284984,0.327797484098462
0.466970175011373,0.39069954367517,0.308730142348228,0.328527262757247
0.467126533102841,0.391206233813476,0.309011746405612,0.329176535387591
0.467235079935542,0.391653380258488,0.309230489679595,0.329756430930485
0.46732409252191,0.392116674476898,0.30949063748082,0.330385581152738
0.467398249987518,0.392602895728501,0.309799323220833,0.331072263729567
0.467461856106835,0.393055199704397,0.310063366332347,0.331703014721087
0.46751470067149,0.393473325124392,0.310283587653351,0.33227781288613
0.467508656277622,0.393843974118915,0.310468067042723,0.332817199550851
0.467474157864921,0.394177047062556,0.31061488783498,0.333311216070064
0.467612413661085,0.394713737914864,0.31098379776545,0.334030092180765
0.467919136772892,0.395449198865192,0.311568905287174,0.334968350185411
0.468026598620563,0.395981067173226,0.311954826492587,0.335705290975281
0.468036583473356,0.396399979250626,0.312225194822579,0.336317896348426
0.468001860912356,0.3967918609965,0.312482490221289,0.33692021891204
0.467945107902867,0.397155077652371,0.312713137594844,0.337488134042379
0.467764464597491,0.397397744676473,0.312832010256428,0.337942351564475
0.467532352900542,0.397576306098708,0.312887743234813,0.33832269449646
0.467322496104988,0.397805526261422,0.313013089376868,0.338777747139517
0.467135376871581,0.398084690604492,0.313206135292724,0.339305476605429
0.466932893185355,0.398348188593821,0.313389590514089,0.339817197733388
0.466721414501842,0.39858776941498,0.313549748083641,0.340291773485532
0.466379554339052,0.398699685994041,0.313592163117421,0.340645256551461
0.465992373631939,0.398752594293938,0.313578822690106,0.340929275229857
0.465595440489201,0.398821221904888,0.313599083013113,0.341251314389459
0.465189361876815,0.398910440545529,0.313658613931431,0.341619668789931
0.46471780964065,0.39891864242898,0.313640518963988,0.341895615164585
0.464226153160671,0.398885805265123,0.313583723274056,0.342113237014079
0.463752259811282,0.398898104639459,0.31359000906958,0.342398776398303
0.463300394322599,0.398960359438597,0.313663606274541,0.342757183776612
0.462802152847595,0.398973391746574,0.313696684499771,0.343065409636734
0.462278967514464,0.398951560837253,0.313702125754338,0.34333125726995
0.461658208484733,0.398862238564158,0.313658312318427,0.343558065536602
0.461002114387589,0.398741129478878,0.313593525572502,0.343757197903185
0.460372138134646,0.398621365525201,0.313534728039784,0.343936369510111
0.459768278901381,0.398502805493723,0.313483311801742,0.344095662255207
0.459039829021076,0.398281994230283,0.313346708392565,0.344175617159183
0.458280668743554,0.398024643074619,0.313184763653065,0.344215696476597
0.457439278038316,0.397716400822175,0.312989558031608,0.344233581465931
0.456517208216471,0.397360660884827,0.312763567789576,0.344233828401777
0.455631231692494,0.397016540863622,0.312557378610996,0.344224996404116
0.454781048467499,0.396683556760157,0.312372057226101,0.344206793512626
0.453864850443306,0.396300394473016,0.31215169485904,0.344153864911774
0.45294446442221,0.395905435621798,0.31193242080102,0.344083849073926
0.451953560708615,0.395461513237136,0.311679525358402,0.343984940392028
0.450895449069773,0.394972489244991,0.311396131274578,0.343861153435316
0.449736308228476,0.394397542857714,0.31104048226701,0.343667038573051
0.448568012774897,0.3938059702834,0.310681051408978,0.343451299307903
0.447458241525546,0.393248987178404,0.310369613304245,0.343250436876311
0.446408811978623,0.392728336672491,0.310109252822108,0.343066429115716
0.445280082876775,0.39215316871193,0.309808318768244,0.342850719330836
0.444151082426676,0.391574349801371,0.309518424684464,0.342629815036309
0.442711275826914,0.390675257531478,0.308923635424732,0.34209194457442
0.44096823434939,0.38946501935718,0.308033053023486,0.341247382731923
0.439444519766326,0.388496412150769,0.307396343848924,0.340656195058585
0.438075015645115,0.387681246324987,0.306926702275157,0.340214601399207
0.436657542620153,0.386826139629687,0.306429520525554,0.339741877073519
0.435252572046905,0.38597584184986,0.305952146884358,0.339269079850694
0.433718626942601,0.385013602758966,0.305373601507708,0.338702234895535
0.432173639428614,0.384035327715772,0.304793541623307,0.338117196802856
0.430702406436136,0.38310977537463,0.304284179875881,0.337568360468587
0.429304268073771,0.382236631383261,0.303845856914883,0.337055888284576
0.42788487243449,0.381380975614185,0.303428868384726,0.336591156592542
0.426493894030324,0.380558940572613,0.303056282409475,0.336163925050639
0.425085159923045,0.37968989366073,0.302656482869559,0.335669784404891
0.422888821090532,0.377900949271286,0.301384279455828,0.334184601317304
0.421238642233427,0.376742085910021,0.300731627625084,0.333374831014977
0.419886089856349,0.375914475932895,0.300407825232228,0.33291205136076
0.418544139833849,0.375090419290812,0.300095480465362,0.332447544041894
0.417225824656354,0.374282758947664,0.299804461632698,0.331993075045367
0.415940564198838,0.373501541903896,0.299541453423633,0.331558367864559
0.41468288733404,0.372743233015603,0.299299850126556,0.331141063851764
0.413367977336838,0.371943435301495,0.299003200992951,0.330692902576694
0.412040485766052,0.371137146698678,0.298688988242533,0.330240543419337
0.410692556401673,0.370317943533248,0.298348894053106,0.329778499282218
0.409347170415374,0.369503693082913,0.298003744441242,0.329320457736446
0.407818103089274,0.368573115067984,0.297499153176085,0.32879426864624
0.406228723337565,0.367608786635314,0.296937462436656,0.328250914527868
0.404920028021023,0.366801465213947,0.296591777525126,0.327770972552054
0.403896963951476,0.366149960909019,0.296471278958376,0.327350629923068
0.402760768817719,0.365474223607829,0.296273481700446,0.326966758934266
0.401571613500492,0.364794813424936,0.296036406471774,0.326610959369083
0.400377315732212,0.364112370828162,0.295785745888587,0.326250913881059
0.399184384439052,0.363432761301526,0.295526888700448,0.325891716104463
0.398002178170848,0.362764390062251,0.295268180236022,0.325540762798902
0.396831320186886,0.362107564270631,0.295010515408923,0.325198167152984
0.395343506764494,0.361237203090772,0.294456688127946,0.324713166929894
0.393731135098152,0.360287817350209,0.29377848755868,0.324177375952695
0.39259601379174,0.359687773803503,0.29353095472247,0.323894020797239
0.391894872468961,0.359400492085449,0.293679401629522,0.323833549909416
0.391188163249117,0.359105518398923,0.293817862573551,0.323762201754183
0.390470944460474,0.358798249132561,0.293941481765489,0.323675562546225
0.389619375779136,0.35842940870894,0.293939859120706,0.323572843729588
0.388710330522398,0.358032671930138,0.293878327823477,0.323458538498302
0.387338101010711,0.357290331663703,0.293361240975172,0.323077273138792
0.385790876619846,0.356420995876481,0.292661933100728,0.322597460058024
0.384751808003178,0.355911099408722,0.292439842604178,0.322371683963581
0.384213630552543,0.355751222871525,0.292695958353292,0.3223917295403
0.383680200300085,0.355594445617836,0.292952587578766,0.322411977243956
0.383150957379391,0.355440366437091,0.293208741834714,0.322432083800391
0.382299996925936,0.355033200765126,0.293139352277317,0.322243902871176
0.381339236400832,0.354541963342332,0.292951441448793,0.321986028605879
0.380034287790188,0.353847522055227,0.292405371279332,0.321609445035961
0.378609412896786,0.353090883560166,0.291720575175241,0.321201372534841
0.377560011176177,0.352531291517792,0.291403560697262,0.320877433976587
0.376854589962205,0.352147332622999,0.291432957090195,0.320625106927305
0.376167346109745,0.351780907367213,0.291475495215911,0.320387985833651
0.375502901964469,0.351436719047056,0.291534996936911,0.320170754811587
0.374363465744462,0.350852808504566,0.291076901141482,0.319848834694295
0.373053889206751,0.350193655670363,0.290415792964997,0.319501845355994
0.372177839841249,0.349744980463226,0.290211742401185,0.319233059637844
0.371728044324484,0.34949599582271,0.290473312259296,0.319033444546592
0.371107870326676,0.349195456338735,0.290534933634501,0.31884704264389
0.370344480689926,0.348857193010131,0.290418229223585,0.318678318929784
0.369583444608252,0.348523118407579,0.290292110908439,0.318511742504054
0.368828629544524,0.348195766765665,0.290160822534234,0.318349018824183
0.36808768392849,0.347878301336884,0.29003346137356,0.318190876938558
0.367360673206681,0.347571907933236,0.289909900805832,0.318039084996471
0.366639867426056,0.347270656008556,0.289781907261699,0.317888743529491
0.365929545603393,0.346978526635336,0.289653833758484,0.317743591611284
0.365232750831173,0.346698316874613,0.289528790444507,0.31760624008524
0.364549410873072,0.346429905702902,0.289406694250883,0.317476538092272
0.363877487276202,0.346169929666245,0.289286154228524,0.317350522654254
0.363217986383693,0.345920130054539,0.289167828565194,0.317230271884494
0.362313169038958,0.345554051324905,0.288725702681988,0.317054141614816
0.361328733422862,0.345157731265084,0.288159657980392,0.316867048890927
0.360671793547332,0.34488091674583,0.288020546099211,0.316694910352933
0.36033206443678,0.344711776003827,0.288314687835764,0.316528794910312
0.359981630214482,0.344691375549132,0.2884929763628,0.316581545783437
0.359625326364476,0.344748419923813,0.288600276227125,0.316745773366696
0.359316543421037,0.344851132613584,0.288744765245986,0.316950633852901
0.359024609728798,0.344968233003551,0.288897779447805,0.317164972288025
0.358717762063817,0.34506741246534,0.289029046131731,0.317356688927764
0.358397089026149,0.345149803760484,0.28913986756999,0.317526901042289
0.358100307987212,0.345255640824208,0.289264896556537,0.317716371141277
0.357807473981041,0.345363431429279,0.28938576421244,0.317903208421031
0.357526454000362,0.345479700794793,0.289510885696583,0.318093306002399
0.357247095355423,0.345594459835088,0.289630052180108,0.318276876029654
0.356942893169121,0.34568065444505,0.289718039387614,0.318426954693267
0.356629422903971,0.345754350123406,0.289789036985249,0.31855963387682
0.356048018907272,0.345658169303118,0.289491855214713,0.318558611537671
0.355372960866979,0.345505623700877,0.28904809579918,0.318511117388133
0.355050098551929,0.345545668341345,0.289091275107548,0.318588489640347
0.355111242444006,0.345789095729012,0.289688392124365,0.318796643642676
0.354935748164551,0.345931427326632,0.289903600602517,0.318952711910538
0.354668209653146,0.346033998139664,0.289959594664985,0.319084890640935
0.354187806314371,0.346010146400693,0.289695029911818,0.319118295945738
0.353629732022673,0.345943566178749,0.289293814530829,0.319116407647212
0.35337260979345,0.346026542656213,0.289347696747144,0.31920577483412
0.353402566890036,0.346246524358114,0.289855629121997,0.319377355468542
0.353249501365672,0.346399282796257,0.290030938389073,0.319518293538683
0.353028378332456,0.346528453837688,0.290068689762876,0.319646642696474
0.352809734885128,0.346656456348869,0.290098473348102,0.319768669889646
0.352598201508132,0.346788127360632,0.290124230465619,0.319889248729117
0.352391091756254,0.346920665306208,0.290143521316495,0.320005562859097
0.352191895222004,0.347057688378737,0.290159318148128,0.320121243651725
0.351862812127477,0.347138321621344,0.289922686093884,0.320197828920071
0.351494277600599,0.347206747172923,0.289583838020678,0.320264752600102
0.351243760672494,0.347306861979363,0.289471909024307,0.320333943310183
0.351113996565486,0.347432918827461,0.289612539063947,0.320399103252378
0.350991303911175,0.347563230178947,0.289752458487672,0.320464484504586
0.350875384756254,0.347697490680605,0.289891387355492,0.320529771778388
0.350762344771315,0.347877016836929,0.289943832842981,0.320647102720765
0.350658104162119,0.348081396624493,0.28995830163259,0.320788955976064
0.350557298952646,0.348286463808695,0.289963004625031,0.320926549670164
0.350465287733175,0.348497021330659,0.289963726793556,0.321064521846894
0.350294563930566,0.348687592477534,0.289758410423559,0.321190857385969
0.350105819634454,0.348880350101342,0.289472226679544,0.321318273771518
0.349958746762207,0.349046976775891,0.289337622357574,0.321400289748527
0.349852369915717,0.34917303041041,0.289390193448416,0.321421302397432
0.349757857094044,0.349307879235694,0.289445530152528,0.32144687768708
0.349676454218143,0.34945271746011,0.289504615400911,0.321478219570313
0.349635339133405,0.349673827564698,0.289503439587847,0.321588047621405
0.349620436992323,0.349932282078523,0.289480776156533,0.3217326216786
0.349569181386619,0.350201935032357,0.289293776561961,0.321891143967557
0.349516584894939,0.350486041372425,0.289042280053412,0.32206101055767
0.349446623798827,0.350670760055313,0.288948157922802,0.322114532322535
0.349348008373614,0.350738000228242,0.289030102422682,0.32203463430969
0.349317075114686,0.350980506506043,0.288886113961324,0.322139606545712
0.349329760104715,0.351307964629188,0.288649636932076,0.322329093979135
0.349265864841492,0.351493391591549,0.288491593275209,0.322364017775246
0.349083207308411,0.351472218182246,0.288445970364317,0.32217925080558
0.349071802460252,0.351669657784953,0.288404373217328,0.322213723758901
0.34917524687112,0.352007340339306,0.288370133581242,0.322386211122973
0.349284164927501,0.352346555267086,0.288328206913356,0.322555252899898
0.349403543445315,0.352692238507773,0.288283130127589,0.322725736280561
0.34952394332243,0.353035331722054,0.288225876626263,0.322888632096021
0.349653944358147,0.353384160206598,0.288164586596022,0.32305223604968
0.349801137975421,0.353746069437368,0.288106494211482,0.323223877228504
0.349965339780158,0.354120864785876,0.288051521304143,0.323403373446393
0.35013429756026,0.354496415462774,0.287989091725542,0.32357861519585
0.350314544402761,0.354879197508222,0.287924935854648,0.323756080317021
0.350505680451659,0.355269688249103,0.287855900153151,0.323936248592059
0.350710660416916,0.355670282739502,0.287786218062175,0.324121502316476
0.350926912506765,0.356077223505123,0.287717819936398,0.324308105619242
0.351156302865715,0.356492780769184,0.287651037812668,0.324498351058532
0.351398342369508,0.356917496449297,0.287581939245744,0.324692763590859
0.351654383772917,0.35735238005038,0.287512793991577,0.324892363404861
0.351946160733922,0.357844683590377,0.287367406150752,0.325142904676533
0.352263987859144,0.358369774334671,0.287188699409172,0.325420019326178
0.352502672492609,0.35877152302006,0.287084001573174,0.325571164551681
0.352656103554669,0.359044239730367,0.287055715421893,0.325591851555827
0.35295848557542,0.359516707258135,0.28692625424339,0.325802917896837
0.353333007826521,0.360078420749717,0.28675738456232,0.326095828954496
0.353649569282974,0.360543327856535,0.286669855377038,0.32629045069781
0.353903720603979,0.360907936649756,0.286664245961346,0.326384286506923
0.354261187070624,0.36139540709952,0.286635541415882,0.326593649475076
0.354682947411663,0.361955609582524,0.286595180965226,0.326869334038547
0.355112914531098,0.36251989391267,0.286551472974906,0.327144279589321
0.355553268057573,0.363090470026497,0.286506090144757,0.32742070088607
0.356007125337203,0.363670464079666,0.286461485530023,0.327701744075121
0.356474420839774,0.364259818353913,0.28641765232797,0.327987369618433
0.356966736640469,0.364887723768412,0.286301351138104,0.328303072640466
0.357478898135576,0.365538347224709,0.286155026003717,0.32863478596938
0.357902371795597,0.366071257328108,0.286049341486655,0.328849175061752
0.358231898164496,0.366481582958199,0.285985662082521,0.32894220035162
0.358721505794364,0.36708183921165,0.285868515005946,0.329212497522835
0.359286558109804,0.367766731368573,0.28573010296547,0.329559046602457
0.359853673675591,0.368425612458606,0.285704433092253,0.329881213780137
0.360416762968534,0.369052908834655,0.285790689105378,0.330174116256116
0.361015247734978,0.369743600737984,0.285728465131755,0.330516234052671
0.361635178541958,0.370465205365552,0.285599562334578,0.330879878708003
0.362296506993171,0.3712027465622,0.285606867171436,0.331261585953421
0.362994362637574,0.37195167707184,0.285750622530119,0.331657493359766
0.363724413741932,0.37274143722011,0.285841587269809,0.3320852580353
0.36447568700071,0.373556681796027,0.285893833456087,0.332530623667163
0.365229147262671,0.374371024093947,0.285934944529273,0.332969935948645
0.365988230141561,0.375187495569243,0.285969758821877,0.333406472464868
0.366753779462967,0.376006769766276,0.285999912752135,0.333841006862965
0.367526553092973,0.376829560160513,0.286026252020546,0.334274304510484
0.368306721298377,0.377655923100904,0.286049669180099,0.334706506909305
0.369094785923042,0.378486419075781,0.286070249392809,0.335138185133333
0.369889289130764,0.379319978638215,0.286084596107203,0.335568114446255
0.370691698149415,0.380157860761656,0.286095106968035,0.335997681339826
0.37150242705541,0.381000156079533,0.28610431748772,0.336427177409352
0.372321914963006,0.381847424542036,0.286111908563497,0.336857144438911
0.373149106971785,0.382698901216475,0.286115354645687,0.337286697232311
0.373985008444157,0.383555503249672,0.28611606246453,0.33771683412642
0.374828490018347,0.384416152634977,0.286113071038278,0.338146481846219
0.375680831175536,0.385282077225712,0.28610775955171,0.338576938051123
0.376543052335296,0.386154261601861,0.286101240448947,0.339009253265281
0.377415173023352,0.387032746237432,0.286093559242392,0.339443492641855
0.378297450088338,0.387924740549042,0.286032156416973,0.339882333286664
0.379190986622165,0.388827299572608,0.285946694368423,0.340325241571037
0.379999943283187,0.389634431325326,0.285854947794294,0.34067307907625
0.380709884643741,0.390331170809071,0.285756103172194,0.340911698233272
0.381577320507274,0.391191902794227,0.285671117287115,0.34130308805491
0.382517085802051,0.392125399548651,0.285591272269754,0.341759953332264
0.383473172180936,0.393064466115883,0.285573529377278,0.342223516076598
0.384443166170139,0.394007489895764,0.285612613232517,0.34269195267555
0.385420211080079,0.394954361079139,0.285648625596823,0.34315999470997
0.386403399598731,0.395904227922104,0.285680732311942,0.343626715994981
0.387431116407584,0.396897573008345,0.285713754607831,0.34413085261918
0.388481138289227,0.397910846679493,0.285745336983665,0.344649922154381
0.389512486662216,0.398907862783661,0.285706462645173,0.345143442494792
0.390542338549455,0.399902326405782,0.285638089231971,0.345628059039259
0.391549397037582,0.400864474148065,0.285607883974589,0.346081954991734
0.392531280626493,0.401792135706788,0.285615807203678,0.346503187035289
0.393574539088325,0.402782092001621,0.285614808045953,0.34697876799474
0.394649148010516,0.403801866306819,0.285610064827877,0.347478582711153
0.395718134875978,0.404813320632475,0.2855919680372,0.347965932802488
0.39679079824988,0.405825498257801,0.28556879878135,0.348450237609331
0.397876496869959,0.406847503362469,0.285548718837654,0.348940907206618
0.398975041094476,0.407879181962847,0.285531519944319,0.349437813370803
0.400091366550608,0.408928748850865,0.285484715034136,0.349945524187781
0.401221839501032,0.409990635638699,0.285426024321124,0.350460444342301
0.402316038979563,0.411011152438468,0.285363653815836,0.35093261758013
0.403372807804455,0.411989234707072,0.285298113974852,0.351361142033931
0.404441606309707,0.412976392627243,0.285235069076634,0.351795355781411
0.405523259542682,0.413973455036092,0.285175491890123,0.352236238801484
0.406675339902508,0.415040654043473,0.285118817327771,0.352740608627382
0.407862509734666,0.416141029973785,0.285063849529086,0.353273405673807
0.408972668451275,0.417160392477012,0.28497633444143,0.353723189999604
0.410004666611099,0.418097715389446,0.284856440842279,0.354088994737349
0.411159572921013,0.419154402484738,0.28480709406927,0.35457187390226
0.412379762601149,0.420273214062615,0.284793173511177,0.355114243450591
0.413605046938603,0.421394580785048,0.284775452832111,0.355655693909484
0.414837522401666,0.422520551978635,0.284755936688178,0.356198360701967
0.416075812897547,0.423649835257505,0.28473323602773,0.356740886355083
0.417321622183524,0.424784098774017,0.284709121819391,0.357285048406985
0.41857389387218,0.425922322519947,0.284683002939688,0.357829833236756
0.419833852058158,0.42706572464445,0.284656019524012,0.358376530115213
0.42110117878706,0.428214120593357,0.284626541168377,0.35892480129837
0.422376877379773,0.429368461204838,0.28459621082211,0.359475739657918
0.42365943918031,0.430527193309818,0.284565391989448,0.36002793420623
0.424949563105781,0.431691046593075,0.284534461730611,0.360582134198962
0.426247812204367,0.432860719327084,0.284502106990814,0.361138871406422
0.427554668035798,0.43403666005684,0.284469484504871,0.361698716615207
0.428772648213897,0.435124632647749,0.284339643955896,0.362161660181851
0.429964885983555,0.436185731957939,0.284176296089286,0.362593015331206
0.431137863317898,0.437226285912624,0.283988078236147,0.363000432156525
0.432308376229418,0.438262598896124,0.283791306080234,0.36340138102043
0.433501940772846,0.439319395584256,0.28361044727882,0.363822028190392
0.434717840967759,0.440396013312569,0.283444602894237,0.364261706172556
0.435929914226572,0.441467213557839,0.283266665099376,0.364693485212807
0.437152587632653,0.442546945082852,0.283091376222739,0.365132206176966
0.438485512724523,0.443732723836004,0.283000841272825,0.365679632920836
0.439870504714085,0.444967587543994,0.282946987829442,0.366276021531867
0.441125905222146,0.446074082725117,0.282771962955531,0.366734422344734
0.442230361100889,0.447031377250011,0.282457489846373,0.367032862269065
0.443353401028216,0.448005036088549,0.282154631751827,0.367346393051223
0.444498418405496,0.448998444588325,0.281867763975462,0.367679156520584
0.445753054867493,0.450097176180337,0.281674835995846,0.368121623064693
0.447062722251751,0.451247984463375,0.281526619703378,0.36861744265216
0.448455329735037,0.45247842532843,0.281440837926692,0.3691946410115
0.449886609496512,0.453745108889918,0.281380915749733,0.369807485341
0.451216809488433,0.454911369433521,0.281224934477601,0.370311406699513
0.452443108255514,0.455974452696303,0.280970628834431,0.370703421597025
0.453682711050226,0.457048958526668,0.280722929003599,0.371105162939735
0.454937267781304,0.458136554887167,0.280484137829728,0.371518716205484
0.456297469443865,0.459325717552577,0.280339806003263,0.372038550093584
0.457708631167922,0.460563154818451,0.280238329597792,0.372607811376651
0.4591645061329,0.461843173696997,0.28016432897925,0.373219103710098
0.460643019509347,0.463144006674477,0.280101964970444,0.373849688300713
0.462001794236176,0.46432631675933,0.279924932360945,0.374351493325948
0.463238225679382,0.465387542903949,0.279630811153406,0.374721683436495
0.464633561526387,0.466602441102845,0.279484128193805,0.375254251990817
0.466114529552723,0.467899601040143,0.27941504457073,0.375872919500468
0.467604307683106,0.469204060416478,0.279348979992114,0.376497081113528
0.469102243877267,0.470515193607971,0.279285180940138,0.377126002733547
0.470616230850722,0.471841081497104,0.279222096898999,0.377767199018802
0.472141123219163,0.47317650079303,0.279159940473651,0.378415678392221
0.473588441458537,0.474434616620067,0.279023015988289,0.378979217965933
0.474959634301308,0.475616839789231,0.278812502791051,0.379459240163395
0.476446934760872,0.476911287152896,0.278710180569823,0.380057806609029
0.477999950056682,0.478268784060602,0.278667263384882,0.380722109881486
0.479569454827282,0.479641207144821,0.278636333366221,0.381400320247161
0.481150063969722,0.48102330220546,0.278611298689152,0.382086550242055
0.482735109226326,0.482408551706406,0.278584568101908,0.382773470968021
0.484324072141032,0.483796451482302,0.278555555191525,0.383460462754919
0.485907090248096,0.485177646097616,0.278505841021954,0.384136263251631
0.487490759523333,0.486558445428421,0.278447422170648,0.384808482097232
0.489097109737977,0.487959919552295,0.278419844812303,0.385502375327429
0.490724616870329,0.489380560827963,0.278421453442186,0.386216124879837
0.492339920957266,0.490788552017207,0.278386419866285,0.386910488871415
0.493950603496764,0.492191041317122,0.27833212938056,0.387594553049129
0.495564666208202,0.493595485676348,0.278285583592282,0.388279365861412
0.497181659931819,0.49500142354975,0.278247780619674,0.3889646134516
0.498838572212463,0.496445457241256,0.27823986553069,0.389687650218102
0.500514836756496,0.497907416519287,0.27824360741442,0.390426960529447
0.502186166892134,0.499363587410614,0.27823659215336,0.391157405279008
0.503858093770988,0.500819416195936,0.278225262820825,0.391885159536883
0.505535589748557,0.502279774801184,0.278215108424873,0.392615610701722
0.507218592491304,0.503744616440079,0.278205994461584,0.393348721496816
0.508898797916894,0.505205835901612,0.278188273226997,0.394075508527108
0.510581041167664,0.506668169449097,0.278167472398083,0.394801227493806
0.512264651045286,0.508130971184335,0.278142770952226,0.395525159491574
0.513951962248721,0.509596535833775,0.278116890435128,0.396249861157141
0.515634078358718,0.511056255126943,0.278075756914018,0.396965266032406
0.517316907099667,0.512515865194639,0.278028284644483,0.397678020190328
0.51899395912348,0.513968879978847,0.277972889029473,0.398381689175843
0.52066515391906,0.515415230668851,0.277909520282692,0.399076200472238
0.522341549576849,0.516865862807917,0.27784673376647,0.399773181085053
0.524023134852466,0.518320780198236,0.277784577326448,0.400472656876264
0.52573627825367,0.519805900180368,0.277751591230314,0.401203245948114
0.527464872773666,0.521305424222479,0.277730547108078,0.401947562860717
0.529185572543961,0.522796504434851,0.277692362059273,0.402679877720994
0.530906018651764,0.524286606597483,0.277647553718481,0.403408730127572
0.532630230362615,0.525779604987998,0.277604813353503,0.404138980631927
0.534358136886231,0.527275443566392,0.277564140957867,0.404870583382039
0.53609074635845,0.52877518101268,0.277523885725615,0.405604349635132
0.537828015405067,0.530278786567641,0.277484038153571,0.406340257293156
0.539570488197372,0.531786869540901,0.277441878933882,0.407078548672873
0.541317806539849,0.533299050346898,0.277399081186264,0.40781908781862
0.543054236460741,0.534799823899188,0.277339920343119,0.408544892737117
0.544777745915382,0.536287191146756,0.277262103300148,0.409253728218861
0.546505880166883,0.537778435228084,0.277184650275941,0.409964728836929
0.548238581906583,0.539273510114848,0.277107525069844,0.410677851317121
0.549998440145157,0.54079467717188,0.277056101044666,0.411417900854375
0.551771877962528,0.542328586053834,0.277015346874927,0.412170064135936
0.553524680040276,0.543841552901343,0.276946030456885,0.412896715904073
0.55525733704003,0.54533410608428,0.276849123558851,0.413598655280763
0.5570265853808,0.546862231261501,0.276792150180843,0.414339151814687
0.558815066547223,0.548408859455242,0.276754734687166,0.41509911779554
0.560609494263123,0.549960850716961,0.276720377772274,0.415863493496377
0.562409413199648,0.551517748680243,0.276688352216647,0.416631687900546
0.564207661166942,0.553072512423579,0.276649676707339,0.417395723864956
0.566008182280599,0.55462901100929,0.276609153371083,0.418159894465503
0.567755363363466,0.55613241265512,0.276497483311828,0.418861949482416
0.569451410426421,0.55758496323027,0.2763179542925,0.419504769256148
0.571175791480096,0.559065195813871,0.276171358493633,0.420178294646539
0.572926640312995,0.560571370305947,0.276056211393342,0.420880995362827
0.574679146653339,0.562078992542411,0.275940924203386,0.421584921628172
0.576437688940971,0.563592341530271,0.275830365317495,0.422294729603022
0.578195347033432,0.565104562528753,0.275715323989588,0.423002453539041
0.579955100873296,0.566618586144389,0.275599433488151,0.423711352885175
0.581716862383969,0.568134324697202,0.275482555581804,0.424421286646786
0.583482742772018,0.569653859612924,0.275367352402896,0.425134577494847
0.585252535207161,0.571176984054818,0.2752535506155,0.425850941131237
0.587027852638352,0.572705285840092,0.275143164121861,0.426572126768615
0.588807036326783,0.574237122608609,0.275034014818078,0.427296199020929
0.590591405689261,0.575773794950604,0.274927789240856,0.4280245941985
0.592379816145114,0.577314170806568,0.274822987530197,0.42875597309297
0.594173090761166,0.578859063300752,0.27472069167927,0.429491232298686
0.595970024436222,0.580407282223823,0.274619299821385,0.430228972726879
0.597771264043213,0.581959465820495,0.27451966373827,0.430969892212964
0.599577892040289,0.583516682197432,0.274423211924219,0.431715180350929
0.601389786208799,0.585078816250677,0.274329846557457,0.432464701410834
0.603225656719303,0.586664368278263,0.274265875707889,0.43323990653906
0.605073618595572,0.588261580701893,0.274214643990454,0.43402708958983
0.606851659807347,0.589789308471847,0.274064614988945,0.434732516835447
0.608560191149769,0.591247947382145,0.273815885348578,0.43535659815468
0.610373026881789,0.59280950656707,0.27370497253325,0.436097989622059
0.61223215846443,0.594416628156565,0.273653553067495,0.436890594209587
0.614041327171031,0.595974013653533,0.273529007564598,0.437624028641504
0.615788957443891,0.597470185377016,0.273314811203626,0.43828491283026
0.617621650869063,0.59905028701283,0.273214679369225,0.439041484588774
0.619492316347742,0.600667735090198,0.273163674609665,0.439839862187233
0.618090048827958,0.599043008972488,0.268717066467999,0.436899589628481
0.612674337975695,0.593452418949915,0.258910640244655,0.429412292535497
0.609752637986726,0.590349770938328,0.252687675762941,0.424910521300728
0.60817217414414,0.588595010036643,0.248547783958658,0.422095414669002
0.606847946356609,0.587101951060861,0.244885079134191,0.419655972555498
0.605715695351088,0.585804020538357,0.241569041229747,0.417497318112124
0.606065064045769,0.585976604626453,0.240369846778537,0.417094855884712
0.60706513293859,0.586794824200006,0.240116583861854,0.417476015571964
0.605426186851251,0.585002264112165,0.236234850482316,0.414845866242702
0.601232049351041,0.580689605279803,0.228868109319301,0.409321750742031
0.598819072741198,0.578152133675306,0.224095643841294,0.405914925654712
0.597574132631817,0.576785214781958,0.221103077252287,0.403930119456865
0.596405157621029,0.57550387500853,0.218318262249178,0.402087183015609
0.595303839535646,0.574296355082336,0.215696309726762,0.400360109032907
0.594281504286131,0.573173147751516,0.213247308098071,0.398757260776596
0.593332137168247,0.572128465272565,0.210964810773331,0.397270662592295
0.593357068913627,0.572049661433918,0.210094669613241,0.396923846219587
0.593795674946004,0.572382237634226,0.209842816475271,0.397068571483121
0.593201443910501,0.57169918864677,0.208177625323819,0.396047316692607
0.591601400326737,0.570029691945711,0.205148086893679,0.393897529126059
0.59006334020858,0.568429757392539,0.202272136996457,0.391849150154447
0.588596057478325,0.566910394154275,0.199584209371988,0.389920395139081
0.587715292297367,0.565977832367084,0.197791457503528,0.388692778424465
0.587115991101956,0.565330180821826,0.1964578274314,0.387813707036173
0.587063715618111,0.56522526970947,0.195924847015444,0.387572478646917
0.587254177630681,0.565362214008395,0.195756283652826,0.387617898633388
0.586904051670188,0.56497026802638,0.194859193414134,0.387060072451667
0.586013600299441,0.564050455985973,0.193239675450781,0.385901855503981
0.585148793473295,0.563160497771889,0.191695258098103,0.384788755306652
0.584313268299136,0.562305035903484,0.190240683484314,0.383728418906255
0.584128253615794,0.56209290334947,0.189724439927125,0.383417958346461
0.584206834674338,0.56214313749435,0.189603198187114,0.383417013194234
0.583837844471638,0.561756612100671,0.188884616971646,0.382919999416166
0.583018555808604,0.560931022483481,0.187568314139099,0.381925193781944
0.582792106392637,0.560689852963385,0.187095706010437,0.381607556717955
0.582820801055733,0.560701851256083,0.187000540271691,0.381586809988052
0.58265484061057,0.560525001186546,0.186653156877503,0.38135382055228
0.582287549998821,0.560152550687199,0.186042535194522,0.380900412891754
0.58192857453232,0.559790171173618,0.185460234120181,0.380462802369539
0.581578418076992,0.559438533460258,0.184908486356437,0.380042114239889
0.581455880394425,0.559311763307541,0.184688613504943,0.379883227029453
0.581432677996118,0.559283555624526,0.184617252923727,0.379839994576832
0.58127747604508,0.559126518225479,0.184363629239184,0.379649832768581
0.58098766638336,0.558837572002004,0.183919681852011,0.379308116203507
0.580816882797183,0.558664346532827,0.183635521825297,0.37909739541333
0.580691322396465,0.558534377753061,0.183406128813254,0.378934152093463
0.580590491192268,0.558427565848653,0.183206371759179,0.378795656427577
0.580497247694278,0.558326998162592,0.183008983670688,0.37866203114528
0.580378651669687,0.55820031282609,0.18275897074653,0.378495158236214
0.580227334494412,0.558040606366833,0.182446031088602,0.3782875305919
0.580093639064008,0.557897685369369,0.182166118489254,0.37809943395511
0.579966320253636,0.557760530999891,0.181896314602449,0.377917508719744
0.579859589693198,0.557642379850079,0.18163603240408,0.377754045249898
0.579775782392061,0.55754577192723,0.181390080002656,0.377612430260304
0.5796430527616,0.557401202341168,0.18109072368205,0.377417319514423
0.579489897143068,0.557236442212307,0.180767800331952,0.377199383054315
0.579353953345267,0.557087368144649,0.180455624349448,0.376996705631405
0.579358767702864,0.557074881999024,0.180302426717868,0.376945286720148
0.57929236470931,0.556992862056415,0.180066367680567,0.376816155348259
0.579199410502131,0.556885729407303,0.179806838566846,0.376660748983781
0.579111450338877,0.556783395909683,0.179553343376849,0.376510684969756
0.57902527146881,0.556682455110215,0.179299494026473,0.376361555010278
0.578940552690887,0.556582634103351,0.179045400543601,0.376213154268386
0.578856294922357,0.556482976523915,0.17878987738394,0.376064436517981
0.578776913748082,0.55638780897867,0.178538663410663,0.375920317770256
0.578700346849976,0.556295146959152,0.178289362630305,0.375778616754644
0.57862354356277,0.556202056123319,0.178038435409815,0.375636110536323
0.57854656783226,0.55610861715276,0.177786121406251,0.375492929328578
0.578394304012612,0.555941354789021,0.177437779726249,0.375266080438158
0.578208613696764,0.555740771309643,0.177042502554694,0.375000424230046
0.578143523919077,0.555656842333693,0.176788938752582,0.374863977539368
0.578205876291709,0.555696786568691,0.176690122991417,0.374865945743348
0.578171233876559,0.555642653923475,0.1764760729292,0.374763379815646
0.578100120883789,0.555553822524035,0.17622453225421,0.374623704875599
0.577943276498936,0.555381291191695,0.175865764911686,0.374389859241327
0.57774974704444,0.555172301171841,0.175456096594996,0.374113771370343
0.577553186247199,0.554959073386268,0.175032573273412,0.37383045856155
0.577703934937333,0.555083813481714,0.175035722689054,0.373925512975734
0.577769110810524,0.555125373514414,0.17493523586413,0.373927753922513
0.577698807848833,0.555036474882679,0.174680132511932,0.373786859539436
0.57763427068339,0.554953893107084,0.174438277058379,0.373654551890863
0.577571239552493,0.554872677832631,0.174197798602248,0.373523665256466
0.577508344489472,0.554791509910734,0.173957119259785,0.373392751035535
0.57744560379371,0.554710412965654,0.173716319568851,0.373261847940407
0.577384543765268,0.554630877576577,0.173477374876865,0.373132639161193
0.57732428584256,0.554552051462463,0.173239203956099,0.373004173720978
0.577176669172095,0.554387818722339,0.172890696670912,0.372779457695475
0.576991394673249,0.554186253930407,0.172490808178749,0.372511736931407
0.57694228418107,0.554116423555772,0.172252614623028,0.372389969860011
0.57703244212915,0.554181916310834,0.172184433527251,0.372419253037264
0.577023703992567,0.554151716555098,0.171999442895242,0.372342664271992
0.576968481912074,0.554077254056655,0.171765434748192,0.372218572358368
0.576914128546627,0.554003912375153,0.171535051309022,0.372096365119805
0.576860001352292,0.553930773970673,0.171305150802213,0.371974441037815
0.576806175159955,0.553857907309442,0.171075785652526,0.37185286756471
0.576752645934468,0.553785307144479,0.170846945451438,0.371731636217698
0.576699175442339,0.553712740696823,0.170618356048805,0.371610486848083
0.576645898614344,0.553640337658039,0.170390160376131,0.371489560009413
0.576593928636976,0.553569181532068,0.170163729034487,0.371370066946664
0.576542702289878,0.553498727674953,0.169938393120771,0.371251404819662
0.576404687308111,0.553343549326497,0.169604600837033,0.371037630345908
0.576228095784535,0.553150218752932,0.169219102973867,0.370780164934647
0.576193988944893,0.553094700423461,0.169002477745985,0.370675164636765
0.576294814987777,0.553170224694424,0.168949877754686,0.370716134147032
0.576195607961741,0.553051565877515,0.168655669632526,0.370541170844511
0.576021930948993,0.552860890169455,0.168274036176401,0.370286751144437
0.575984624165894,0.552802262566689,0.168055090274836,0.370178657712446
0.576085707926952,0.552877992591703,0.168003853375138,0.370220077593183
0.576078858261799,0.552849413126891,0.167826145016667,0.370146474876598
0.576029979282884,0.552781004978929,0.167605462283243,0.37003051880123
0.575982465292398,0.552714179661779,0.167388731262851,0.369916896120232
0.575935436229537,0.552647811154309,0.167172798782403,0.369803838719984
0.575806188290018,0.552501240657456,0.166854928865843,0.369600993095611
0.575639039072678,0.552317215521859,0.16648674818653,0.369355393966785
0.575598644247028,0.552255577143456,0.166266890982412,0.369244654518756
0.575705935035002,0.552337262933494,0.166225178188853,0.369293152301879
0.575618548819438,0.552230115242522,0.165950184132499,0.369132217937829
0.575454661960972,0.552049100885472,0.165586471777324,0.368890089657144
0.575419250992131,0.551992381056295,0.165374763616275,0.368785322864411
0.575519668307931,0.55206741439904,0.165326193199489,0.368826751239337
0.575516685417799,0.552042625478088,0.165157613957682,0.368758434033578
0.575472616143461,0.551978965015663,0.164947500120542,0.368648918397107
0.575429528577224,0.551916523699606,0.1647408791584,0.368541330845436
0.575386776156021,0.551854399479139,0.164534914551572,0.36843416054027
0.575343947295161,0.551792190766285,0.16432910187424,0.368326958072346
0.575301239725776,0.551730086962918,0.164123666661842,0.36821992897797
0.575258631058755,0.551668061638455,0.163918550179611,0.368113035026297
0.575216196416319,0.551606184955959,0.163713826768811,0.368006348957171
0.575176523905858,0.551546976155647,0.1635126550413,0.367902677574306
0.575138840289672,0.55148969894471,0.163314210619287,0.367801229286788
0.575101499817091,0.551432780680331,0.163116702471639,0.367700304795757
0.575064525444626,0.551376256520975,0.16292025150659,0.367599966040635
0.574949690843749,0.551243928203665,0.162629104035749,0.367415251703729
0.57479650848816,0.551073810671339,0.16228837387525,0.367187734447972
0.57464165689356,0.550900902960524,0.161937716286885,0.366955138324135
0.574832243779307,0.55106296687293,0.161998146163733,0.367093192131899
0.574869650263399,0.551076616661744,0.161877763114081,0.367067355527537
0.574827258953623,0.551014549472873,0.161674908835188,0.366960839127996
0.574789184415888,0.550957172389284,0.161481148777823,0.366860494847127
0.574753338342344,0.550901938580635,0.161290205777379,0.366762563898119
0.57471778298374,0.550846995034071,0.161099978049648,0.366665044537761
0.574682541851704,0.550792378222978,0.160910597134531,0.366568001302458
0.574646030923549,0.550736546306626,0.160720149003807,0.366469719378823
0.574609181339448,0.550680392864331,0.160529673407543,0.366371169727227
0.574573102766662,0.55062497967353,0.160340378972073,0.366273499586071
0.574537489533917,0.550570007053823,0.160151883637225,0.366176371857347
0.574502938085105,0.550516060107399,0.159964940850191,0.366080444497112
0.574468998728717,0.550462708505284,0.159779060519534,0.365985251915819
0.574359654715117,0.550335988389283,0.159502628313183,0.36580867077925
0.57422057247425,0.550179850357943,0.15918749098358,0.365598693608716
0.574197668247747,0.550135555600866,0.159004126478052,0.365510854271053
0.574284188446891,0.55019710354886,0.158948248214323,0.365539444601136
0.574291937809876,0.550182930984027,0.158804475749205,0.365485683416257
0.574260422539277,0.550131686883368,0.158621782748357,0.365392837223816
0.574227361505416,0.550079252135574,0.158439748668319,0.365299289624789
0.574193657833353,0.55002620828997,0.158257367399791,0.365205167041807
0.574161433472556,0.549974593374976,0.15807699610976,0.365112683058364
0.574130033478193,0.549923771988559,0.157897866427852,0.365021135840854
0.5740991088506,0.549873418335286,0.157719660296958,0.364930187765714
0.574068552982844,0.549823434980806,0.157542294406632,0.364839741245518
0.574037909562856,0.54977338090235,0.157365243426719,0.364749312229031
0.574007380667071,0.549723450506849,0.1571887341291,0.36465911213849
0.573977113150989,0.549673782303153,0.157012911843017,0.364569286639396
0.573947103824711,0.549624372019081,0.15683776452836,0.364479828673647
0.573918193677333,0.549576037381426,0.156664292287609,0.36439164268438
0.573889932052099,0.549528347511467,0.156492006589303,0.364304263765172
0.573860529613147,0.549479573663575,0.156318860745747,0.364215798622813
0.573830858994069,0.549430556156015,0.156145833793156,0.364127162669219
0.573801396904007,0.549381742559638,0.155973379421047,0.364038823267359
0.573772155840199,0.549333140026169,0.155801479218481,0.3639507796797
0.573677827150802,0.549221284293498,0.15555307429066,0.363792952155848
0.573553198089634,0.549079530271868,0.155266408198772,0.363601451839796
0.57349930786289,0.549005367491139,0.155055790798502,0.363482719465882
0.573526283898024,0.549008914673429,0.154934780432182,0.363448347670291
0.57355379536558,0.54901322612645,0.154816350528751,0.363415290384454
0.573582658393479,0.549019685457667,0.154705395068897,0.36338606492787
0.573571926593491,0.548988521141979,0.154553907939451,0.363316825409979
0.573545286267322,0.548942452617934,0.154387741191528,0.363232142344236
0.573452443148993,0.548832218017862,0.154145363495775,0.363077052732431
0.573333396434151,0.548696070140393,0.15386982093828,0.36289274727483
0.573288056886205,0.54863034899551,0.15367305087376,0.362784168747491
0.573312889842423,0.548631960816108,0.153552955512834,0.362748433030234
0.573338254139598,0.548634352056743,0.153435517428615,0.362714051804247
0.573364826372398,0.548638705680123,0.153324966350612,0.362683197475344
0.573293505707824,0.548548813701383,0.153106266675189,0.362550052906681
0.573177744629007,0.548415856073789,0.152837050900394,0.362369778412449
0.573143946164789,0.548361462371212,0.152656619403885,0.36227430949255
0.573234751179697,0.548427281314797,0.15261569482574,0.362309792082079
0.573252460705097,0.548422972076911,0.152495929811886,0.362269619748188
0.573228056293526,0.548378997292914,0.152335691574227,0.362187921376919
0.573204557063334,0.548336233567098,0.152178950358584,0.362108163607378
0.573181445432064,0.548293852706588,0.152022988818184,0.362028900805984
0.573159638099122,0.548252747056214,0.151868881582043,0.361951116712387
0.573138691407422,0.548212496521105,0.151716187042208,0.361874366523532
0.573116307509427,0.548170886556404,0.151562371716568,0.361796245188105
0.573093433222273,0.548128826771307,0.151408465293155,0.361717735805754
0.573070820372089,0.548087025361991,0.151255190179332,0.361639580009818
0.573048433695786,0.548045441595931,0.151102465743014,0.361561722383101
0.573026467707688,0.548004264101945,0.150950513261991,0.36148436925766
0.573004808317978,0.547963383916436,0.150799214025942,0.361407403760487
0.572984151131696,0.547923478247579,0.150649375003076,0.361331571262504
0.572964098527496,0.547884169450027,0.150500592246872,0.361256470544838
0.572943140136388,0.547844003688791,0.15035122088899,0.361180527698746
0.572921915842611,0.547803595274163,0.150201948175406,0.361104405107812
0.572901728789426,0.547764193514936,0.150054157439085,0.361029446144639
0.572882140704155,0.5477253765153,0.149907369930921,0.360955193697395
0.572862765070953,0.547686780579529,0.149761217221099,0.360881267420846
0.572843604565754,0.547648412006385,0.149615724379356,0.360807679803672
0.572765677626911,0.547553100659808,0.149404452770505,0.360671975128087
0.572663179401869,0.547433541247721,0.149163379729065,0.360509194807655
0.572607215067678,0.547357987525789,0.148968294885637,0.360392817898929
0.572715452875344,0.54744062767033,0.148951765753474,0.360447671134348
0.57274454093133,0.547447308363923,0.148851402849061,0.360420849690844
0.572725453633997,0.547408729006684,0.148706147417993,0.360346951567211
0.572706764100607,0.547370939818492,0.148564116083094,0.360274614372988
0.572688159039165,0.547333241012397,0.148422513335116,0.360202447703635
0.572671127850976,0.547297071004566,0.148282970867882,0.360132012089548
0.572655121849907,0.547261908948096,0.148144942870994,0.360062755846419
0.572637901364358,0.547225605344682,0.148006068276165,0.359992368558696
0.572620275073993,0.547188937892238,0.147867212821644,0.359921688593767
0.572603139842212,0.547152756027057,0.147729251476806,0.359851610316896
0.572586315177256,0.547116881439775,0.147591963447067,0.359781933821839
0.572568835979298,0.54708038292313,0.147454304085608,0.359711651028401
0.572551225806431,0.54704376031909,0.147316810546828,0.359641294732658
0.572534519796779,0.54700800458065,0.147180552292864,0.35957192455345
0.572518305426707,0.54697271974316,0.147045095486493,0.359503114939089
0.572502716909199,0.546938045367615,0.146910644669854,0.359435032194015
0.572487510423736,0.546903752769742,0.146776974269579,0.359367438774059
0.572470343962407,0.546867581240076,0.146641559508477,0.359297889061817
0.57245250332487,0.546830756982663,0.146505702174992,0.359227686993913
0.572437391180473,0.546796544469696,0.146372942528684,0.359160331335737
0.572424082710067,0.546764064853956,0.146242360905042,0.3590948918561
0.572410967863073,0.546731800815058,0.146112442333416,0.359029784343309
0.572398058318722,0.546699779897974,0.145983293187822,0.358965063203494
0.572383870950006,0.546666567080657,0.145853309607346,0.35889917283941
0.572369289843404,0.54663300458095,0.14572337109624,0.358833006057924
0.572302368496057,0.546548816244106,0.145537164509673,0.358712061170986
0.572214862225033,0.546444282334023,0.145326724182567,0.358568509814734
0.572205686448303,0.546414458529604,0.145194982090289,0.358504313731046
0.572284549252417,0.546469217230501,0.145154907840085,0.358530845383433
0.572298065818848,0.54646162774823,0.14504973503193,0.358491239248098
0.572284304404137,0.546428712423915,0.144921623533685,0.358425882493379
0.572220511050923,0.546347662805863,0.144741623203305,0.358308904342321
0.572135968360567,0.546246127279433,0.144537506153366,0.358169228746333
0.572105282134239,0.546195623049047,0.144385363174562,0.35808321159514
0.572134161254729,0.546201946338179,0.144292606207872,0.35805749206758
0.572163327604326,0.546208778203783,0.144201716387815,0.358032713401382
0.57219313337525,0.546216985888105,0.144116047470117,0.358010601315144
0.572143712547616,0.546149368148183,0.143950835416026,0.357907824092007
0.572061006292339,0.546049653161614,0.143751273775926,0.357770608248949
0.571990742265838,0.545961049037494,0.143560261758058,0.35764410504859
0.572120504307277,0.546064638642422,0.143574137661166,0.357723210653474
0.572100970393844,0.546024700682842,0.143435132443475,0.357648740887215
0.572021518362445,0.545928065835913,0.143240284897514,0.357515035741435
0.571990314896267,0.545877387145747,0.143092808200818,0.357429930498139
0.572018208432212,0.545883026347382,0.143003131576243,0.35740436636505
0.572046340371354,0.545889088961876,0.142915007004925,0.357379586702536
0.572075028212016,0.545896422836911,0.142831756675198,0.357357303097529
0.572027183387849,0.545830565038776,0.142673028537371,0.357257404091954
0.571950122877514,0.545736536275484,0.142484646547079,0.357127358350614
0.571920039811428,0.545686954014494,0.142340384982003,0.357043813834875
0.57194975336326,0.545694343426773,0.142254064025134,0.357020406842122
0.57197969416836,0.545702150888811,0.142169294405505,0.35699778193071
0.572010158725182,0.545711213496895,0.14208937970792,0.356977644360324
0.57196564764839,0.545648635242479,0.141936488014948,0.35688172428768
0.571891243943779,0.545557266799286,0.141753691037411,0.356755082666983
0.571888882424802,0.545534540818844,0.141640322531699,0.356700838868079
0.571959910498696,0.545582132494977,0.14159951067221,0.356721291456607
0.571927625122935,0.545530820610819,0.141457604243472,0.356636915824052
0.571854829242684,0.545440963296411,0.141277771353951,0.356512102863973
0.571854415574196,0.545420167931402,0.141167805502377,0.356460207702444
0.571924731541366,0.545467119669398,0.141127241184813,0.356480183173943
0.571936986368476,0.545458872760698,0.141032315589007,0.356442276545637
0.57192790547734,0.54543099113218,0.140921069343611,0.356384769213603
0.571874584480356,0.545360625190055,0.140766399823269,0.356282135308927
0.571804111729893,0.545273294915349,0.140592684580221,0.356160831214323
0.571803024733935,0.545251896473995,0.140483947151097,0.356108659385168
0.57187361880712,0.54529912395603,0.140444749136339,0.356129146434156
0.571844287592979,0.545250783525163,0.14030971095802,0.35604869595606
0.571775372236118,0.545164824038108,0.140138401637494,0.35592892743188
0.571774599167678,0.545143804387277,0.140031520825077,0.355877468838815
0.57184450740379,0.545190428852324,0.139992648286662,0.355897529031829
0.571815554969513,0.545142536122239,0.139859717907289,0.355817898181231
0.571748265172381,0.545058230794889,0.139692000197613,0.355700275849292
0.571747848633234,0.54503762225162,0.139586943909338,0.355649548723904
0.571815740185446,0.545082351687327,0.139547014397906,0.355667789740446
0.571830709238924,0.545076855717145,0.139459039874675,0.355633647711483
0.57182381838646,0.545051233326159,0.139354586332291,0.355579438986457
0.571776316842773,0.544986683474696,0.139211541934149,0.355484119358548
0.57171129637019,0.544904856789045,0.139049758776586,0.355369924815828
0.571711569339109,0.544884985590145,0.138947380809838,0.355320374452296
0.571775147214091,0.544925606089438,0.138904487501645,0.355334506233628
0.571793302708126,0.544923205703549,0.138821218692509,0.355303954477517
0.571788175288721,0.544899298994949,0.138720174400706,0.355251873452247
0.571783255624378,0.544875843203227,0.138620849520625,0.355200668361027
0.571778467295786,0.544852532175031,0.138521990924109,0.355149686857607
0.57177333898527,0.544828911922135,0.138423144599235,0.355098446634092
0.57176815432024,0.544805250028321,0.138324559537899,0.355047224079089
0.571722739829847,0.544742845684978,0.138187478769749,0.354954925743101
0.571661230294973,0.544664549233193,0.138033440948486,0.354845291035029
0.571661223192226,0.544644520317463,0.137934045633879,0.354796197251234
0.571722758645667,0.544683235318609,0.137891219572513,0.354808716738219
0.571744062997289,0.54468392218944,0.137813603251706,0.354781931396532
0.57174117375132,0.544662243589707,0.137717683445953,0.354732764396466
0.571736744594986,0.544639367803774,0.1376219498348,0.354682767031653
0.571731654652265,0.544615876566238,0.137525937784625,0.354632189650097
0.571727874353014,0.544593637123105,0.137431371882316,0.354582968708683
0.571724923591084,0.54457219160781,0.137337815348561,0.354534624557723
0.571722095012797,0.54455088118864,0.13724470618378,0.354486489773364
0.571719389717801,0.544529715328925,0.137152086062991,0.354438585657568
0.571716283388128,0.544508189590134,0.137059463165998,0.354390378806837
0.571713080632972,0.544486590855412,0.136967094174759,0.354342163991175
