gt_x,gt_y,K=1_pred_x,K=1_pred_y,K=5_pred_x,K=5_pred_y,K=10_pred_x,K=10_pred_y,baseline_pred_x,baseline_pred_y
12.6854404009278,18.0100577770283,12.6854404009278,18.0100577770283,12.6854404009278,18.0100577770283,12.6854404009278,18.0100577770283,12.6854404009278,18.0100577770283
12.6836982322862,18.0178585168349,12.6838619063061,18.0171599986255,12.6837527902928,18.0176256774318,12.6837800692961,18.0175092577302,12.6838619063061,18.0171599986255
12.6819560636445,18.0256592566414,12.6822672763023,18.0243305125292,12.6820598011971,18.0252163419373,12.6821116699734,18.0249948845853,12.6822672763023,18.0243305125292
12.6802138950028,18.0334599964479,12.6806562978338,18.0315692711704,12.6803613626132,18.0328297546887,12.6804350964183,18.0325146338091,12.6806562978338,18.0315692711704
12.6784709494512,18.0412632697907,12.6790287191848,18.0388762182761,12.6786568726957,18.0404675859525,12.678749834318,18.0400697440334,12.6790287191848,18.0388762182761
12.6766971939671,18.0491670156224,12.6773843583919,18.0462511226077,12.6769262487754,18.0481950512842,12.6770407761795,18.0477090691151,12.6773843583919,18.0462511226077
12.6749265643367,18.0570574392032,12.6757246305948,18.0536865590413,12.6751925864227,18.0559338124825,12.6753255974657,18.0553719991222,12.6757246305948,18.0536865590413
12.6732470575908,18.0645595010538,12.6740510088557,18.0611747350638,12.6735150413458,18.0634312457238,12.6736490332233,18.0628671180588,12.6740510088557,18.0611747350638
12.671567550845,18.0720615629044,12.6723669407001,18.0686992169133,12.67183401413,18.0709407809074,12.6719672457726,18.0703803899089,12.6723669407001,18.0686992169133
12.6697326178416,18.0801359225576,12.6706757297669,18.0762441090456,12.6700469884833,18.0788386513869,12.6702041738042,18.0781900158016,12.6706757297669,18.0762441090456
12.667866106088,18.0883265588919,12.6689744852743,18.0838213645276,12.6682355658167,18.0868248274371,12.6684202956811,18.0860739617097,12.6689744852743,18.0838213645276
12.6659995943343,18.0965171952261,12.667258221915,18.0914450257879,12.6664193993018,18.0948265311473,12.6666296870086,18.0939812857683,12.6672632938452,18.0914461658249
12.664134556773,18.1047001048527,12.6655265667201,18.0991175672678,12.6645992135391,18.1028394062759,12.6648327111754,18.1019093203895,12.6655430813348,18.0991212808985
12.6623066071659,18.1126886247929,12.6637796183209,18.1068385736948,12.6627987155438,18.1107388570936,12.6630471319298,18.109764506147,12.6638150719555,18.1068465480486
12.6604803471186,18.1206712165732,12.6620197528439,18.1145971961176,12.6609950652033,18.1186469008399,12.6612563941422,18.1176356398832,12.6620822809219,18.1146112620569
12.6587093383432,18.1284599481633,12.6602492727714,18.1223828975367,12.6592247190745,18.1264347329359,12.659488404137,18.1254234817221,12.6603470753539,18.122404900996
12.6569383295678,18.1362486797534,12.6584688836558,18.1301922459173,12.6574510647553,18.1342304464558,12.657715871112,18.1332232421296,12.6586098803923,18.1302239713497
12.6550736630331,18.1442390207212,12.6566792757834,18.1380219121845,12.6556118840143,18.1421673357136,12.6558922981539,18.1411340587112,12.6568709640594,18.1380650516439
12.6531845023568,18.1522820882185,12.6548802661933,18.1458724204218,12.6537532178349,18.1501463185284,12.6540521674338,18.1490817506693,12.6551297520337,18.1459285811168
12.6513170212409,18.1602715610986,12.6530716378127,18.1537444355046,12.6519057720481,18.1580967347543,12.6522184533849,18.1570134894254,12.6533857526661,18.1538151662009
12.6494504883657,18.1682586898078,12.6512540471189,18.1616348272153,12.6500559419027,18.166051707299,12.6503811152817,18.1649533347815,12.6516393776536,18.1617216250539
12.6475839554904,18.1762458185169,12.6494282275118,18.169540184325,12.6482033372451,18.1740116612652,12.6485400421168,18.1729007528275,12.6498910480106,18.1696444800778
12.6457182943835,18.1842312086411,12.6475941715157,18.177460352403,12.6463485343358,18.18197538552,12.6466956638683,18.1808547969962,12.648140467912,18.1775835161086
12.6438792660807,18.1921634844372,12.6457517830275,18.1853953960878,12.6445086734201,18.1899086506702,12.6448608119289,18.188789811957,12.6463873208914,18.1855387526949
12.6420402377778,18.2000957602333,12.6439003680256,18.1933479823151,12.6426657669613,18.1978477549724,12.6430218247209,18.1967336892383,12.644630845958,18.1935128458108
12.6401480161979,18.2079543025514,12.6420392253118,18.2013206864799,12.6407841190633,18.2057444012003,12.6411517587138,18.2046508511597,12.6428704336105,18.2015083953396
12.6382445730027,18.2157972901081,12.6401703673834,18.2093045003423,12.6388923816909,18.2136343723787,12.6392726011172,18.2125658823304,12.6411079650865,18.2095163675204
12.636338541093,18.2237341420629,12.6382962456299,18.2172885191293,12.6369971265262,18.2215869794759,12.6373898849044,18.2205280383331,12.639345359442,18.2175257438806
12.6344324902476,18.2316716806091,12.6364161592801,18.2252751059581,12.6350998301346,18.2295408908993,12.635504542102,18.2284919118311,12.6375813790782,18.2255387749634
12.6325264394023,18.2396092191554,12.6345289701154,18.2332685535532,12.6332001236668,18.2374970792874,12.6336160140628,18.2364593067061,12.6358145798113,18.233559691853
12.6306205060168,18.2475479663099,12.632634573517,18.2412688667287,12.6312980500429,18.2454563518031,12.6317243069463,18.2444308301757,12.6340447148928,18.2415884730523
12.6287205293441,18.2555480052827,12.6307327786721,18.2492761274167,12.629397438358,18.2534587911372,12.6298322455077,18.2524365655919,12.6322715443492,18.2496251958659
12.6268205526713,18.2635480442555,12.6288219230813,18.2572967081507,12.6274937632301,18.2614656601736,12.6279360277235,18.2604490557551,12.6304936194082,18.2576762869288
12.6248144335619,18.2716079372983,12.6269003482513,18.2653368511481,12.6255157110499,18.2695189425007,12.6259817629459,18.2685013518306,12.6287097540528,18.2657481004573
12.6227859190613,18.2796819170494,12.6249662557385,18.2734033816886,12.6235185156133,18.2775904020293,12.6240104387428,18.2765739866422,12.6269188621267,18.2738476272903
12.6208330188704,18.2877898226626,12.623017506312,18.2815045082622,12.6215668071333,18.2856960017987,12.6220700088633,18.2846809891645,12.6251197388652,18.2819832914659
12.6188801186796,18.2958977282758,12.6210555716129,18.2896333664169,12.6196106700696,18.2938108371885,12.6201234025289,18.29280196515,12.6233144060029,18.2901483570455
12.6168145854773,18.3040697798134,12.6190822978013,18.2977817159963,12.617575632962,18.3019749258146,12.6181152211717,18.300964867009,12.62150479389,18.2983346085934
12.6147246126319,18.3122557500369,12.6170977004704,18.3059490496603,12.6155204954566,18.3101546134085,12.6160895690516,18.3091443281363,12.6196908396044,18.3065415285756
12.6126733251481,18.3204471509775,12.6151018470846,18.3141347626811,12.6134873616778,18.3183440392773,12.6140780409394,18.3173358025393,12.6178724500618,18.3147684835328
12.6106258745018,18.3286390905398,12.6130950939681,18.3223370992542,12.6114531165843,18.3265393563374,12.6120633877175,18.3255359662403,12.6160497703518,18.3230136774058
12.6085689895234,18.3368347127519,12.6110778214618,18.3305542478014,12.6094090381191,18.3347420563441,12.6100391607334,18.3337454853725,12.6142229417859,18.3312752520742
12.6064765944804,18.3450441961599,12.6090500780735,18.3387857839085,12.6073377572763,18.3429587831249,12.6079923451495,18.3419692373916,12.612391804751,18.3395527436684
12.604379628832,18.3532508709538,12.6070120622713,18.3470305147361,12.6052599654913,18.351178025536,12.6059385078389,18.350198291219,12.6105563442283,18.3478449194684
12.6022793125805,18.3614554868188,12.6049640814384,18.3552869802187,12.6031765777662,18.3593997964118,12.6038784101191,18.3584322917775,12.6087166478123,18.3561502770679
12.6001656141579,18.3696559340849,12.6029063167708,18.3635542601,12.6010809660421,18.3676223822957,12.6018071252206,18.3666697244036,12.6068726872675,18.364467856137
12.5980505350086,18.3778559512491,12.6008390251645,18.3718312116528,12.5989812163452,18.3758478943958,12.5997307804334,18.3749118871761,12.6050245136466,18.3727964740212
12.5959354558593,18.3860559684134,12.5987623903362,18.380116997806,12.5968783099004,18.3840763402243,12.5976501566005,18.3831585769248,12.603172124814,18.3811352581052
12.5938206243823,18.394259247133,12.5966763964176,18.3884115267177,12.5947724059917,18.3923098633258,12.5955653695373,18.3914113791681,12.6013153634441,18.3894840914195
12.5917126999994,18.4025534842449,12.5945809792451,18.3967149655322,12.5926679224662,18.4006069838016,12.5934797175048,18.3997142267082,12.5994540740503,18.3978431267146
12.5896047756165,18.4108477213567,12.5924748189501,18.4050324396906,12.5905598136938,18.4089087708884,12.5913890970002,18.4080242062314,12.5975871247781,18.4062175394093
12.587461593379,18.4188394336556,12.5903566497334,18.4133688991092,12.5884241523114,18.4170151912247,12.5892752577691,18.4161925338295,12.5957136651553,18.4146123798193
12.5853065104543,18.426744247103,12.5882294252209,18.4217126311737,12.586277496944,18.4250660918427,12.5871513361095,18.4243211620159,12.5938364505873,18.4230158918445
12.5831328982903,18.4349446478363,12.5860969915177,18.4300484420715,12.5841167147605,18.4333113998881,12.5850159140271,18.4325937308573,12.5919584374647,18.4314126819177
12.5809588144261,18.4431445614044,12.5839582598128,18.4383806390293,12.5819534783892,18.4415551673522,12.5828774806225,18.4408643585506,12.5900779442796,18.4398069314272
12.5787716086777,18.4513309228765,12.5818112379284,18.4467169893414,12.5797786870556,18.4497912724683,12.5807287271684,18.4491304000714,12.5881928189503,18.4482063803373
12.5765845043847,18.4595222520339,12.5796560382913,18.4550569882213,12.5776011935332,18.4580318933497,12.5785763201427,18.4574008632132,12.5863030921416,18.4566105102376
12.5744001903886,18.4678502059327,12.5774926995432,18.4634004184918,12.5754228033486,18.4663647289184,12.5764216232683,18.4657414685655,12.5844088201298,18.4650191127827
12.5722158763925,18.4761781598316,12.5753192067807,18.4717549733521,12.5732409831084,18.4747012599287,12.574262250973,18.4740877553952,12.5825084308318,18.4734399903034
12.5700214806127,18.4840973150464,12.5731335895722,18.4801280690212,12.5710483538781,18.4827714256715,12.5720921956132,18.4822390379381,12.5806006984152,18.4818807373493
12.567824950176,18.4919299136624,12.5709397026403,18.4885047504789,12.5688515023072,18.4907850700702,12.569917327514,18.4903489525438,12.5786892940015,18.4903263554606
12.5655839676255,18.5000824330108,12.568742257641,18.4968669080591,12.5666237945172,18.4990071432722,12.5677188070977,18.4986116742269,12.5767778599116,18.4987584882655
12.5633409372258,18.5082496906769,12.5665398333208,18.5052200281001,12.5643930236372,18.5072360183564,12.5655171351335,18.5068773579604,12.5748643240481,18.5071824818437
12.5610979068261,18.5164169483429,12.5643300549948,18.513573152055,12.5621597594178,18.515464882489,12.5633121657997,18.5151431605288,12.5729461755822,18.5156073561168
12.5588545645142,18.5245880088843,12.562112821634,18.5219266732664,12.5599237597336,18.5236964018255,12.5611036926304,18.5234111806663,12.5710232952947,18.524033504217
12.5565977356178,18.5329234996421,12.5598880811048,18.5302807855297,12.5576762239537,18.5320377257459,12.5588851026198,18.5317618296749,12.569095729908,18.532461146462
12.5543409067213,18.5412589903998,12.5576534781539,18.5386443102994,12.5554253557016,18.5403821738873,12.5566619834939,18.5401173096322,12.5671617276432,18.5408992524202
12.5521175450411,18.5491132512533,12.5554066803982,18.5470258613595,12.5531926871373,18.5484117969955,12.55444992623,18.5482413194124,12.5652199018194,18.5493566640099
12.5499122139939,18.5567082470485,12.5531513828576,18.5554114948986,12.550969162368,18.5562699245494,12.5522430260879,18.5562378612631,12.5632739004822,18.5578194233498
12.5476162850949,18.5648025446047,12.5508933354764,18.5637797752639,12.5486842887711,18.5644551250891,12.5499897932031,18.5644754879671,12.5613282875528,18.5662658121981
12.5453107690751,18.5729496785826,12.5486319637777,18.5721329256996,12.5463918814881,18.5726704959348,12.5477304499199,18.5727320801859,12.5593816231751,18.5746978595154
12.5430052530553,18.5810968125605,12.546364383116,18.5804816961237,12.5440973652738,18.5808843946611,12.5454683718966,18.5809866017932,12.5574308092287,18.5831262766027
12.5406992274411,18.5892488003508,12.544090315362,18.588827109157,12.5418003068857,18.5891003977255,12.5432031664443,18.5892419919643,12.5554754834619,18.5915520705708
12.5383759546527,18.5975650649627,12.5418096920702,18.5971694614528,12.539489524823,18.5974248858664,12.5409264306527,18.5975781111587,12.5535156494626,18.5999755576825
12.5360526818644,18.6058813295746,12.539519671027,18.6055191717549,12.5371755663391,18.6057518130971,12.5386453959704,18.6059180387848,12.5515491861648,18.6084073357042
12.5337672763624,18.6136848571395,12.5372174563396,18.6138863499709,12.5348827412548,18.6137427237634,12.5363776282797,18.614010470154,12.5495744368938,18.6168577930339
12.5314902616611,18.6213747701634,12.5349082601831,18.6222519202484,12.5325931410778,18.6216573422415,12.5341109405864,18.622045414417,12.547596350738,18.6253077828633
12.5291506163664,18.6294275338119,12.5325985057601,18.6305925965914,12.5302615724503,18.6298055535502,12.5318129721135,18.630249444962,12.5456198756448,18.63373365929
12.5268045419584,18.6375175445578,12.530286239293,18.638915652516,12.5279248490667,18.6379727123792,12.5295108657158,18.6384634024565,12.5436422732872,18.6421425192042
12.5244261657734,18.6456388845658,12.527967986779,18.6472337554365,12.5255645582571,18.6461590941869,12.5271899818007,18.6466906714685,12.5416600355728,18.6505470337385
12.5220422199624,18.6537656265142,12.5256422442914,18.6555522897737,12.5231980173533,18.6543492080477,12.5248629488194,18.6549209851509,12.5396720109611,18.6589526776627
12.5196582741514,18.6618923684625,12.5233076179945,18.6638761833714,12.5208284722252,18.6625410944764,12.5225318690098,18.6631541111064,12.5376775018094,18.6673645512837
12.5172734053126,18.6700250779266,12.5209638957962,18.6722061537702,12.5184552356785,18.6707389705968,12.5201961767631,18.6713933930708,12.5356769096608,18.675783522221
12.5148609699357,18.6783360092799,12.5186109731103,18.6805423541763,12.5160605101009,18.6790577235188,12.5178424991592,18.6797250359871,12.5336706154251,18.6842098657824
12.5124485345587,18.6866469406333,12.5162472740563,18.6888901609821,12.5136621461272,18.6873803301887,12.5154838505278,18.6880626232358,12.5316577157706,18.6926491303633
12.5100039762315,18.6948269877777,12.5138713017313,18.6972547840119,12.5112382281482,18.6956212706108,12.5131034407364,18.6963433238629,12.5296374839845,18.7011067202358
12.507541887668,18.702935608385,12.5114838344325,18.7056333047638,12.5087987456191,18.7038192107482,12.5107089482631,18.7045954062934,12.5276110719622,18.7095798108412
12.5050797991046,18.7110442289922,12.5090861112293,18.7140212256258,12.5063558006024,18.7120202696333,12.5083097448998,18.7128523321631,12.5255797587896,18.7180639171431
12.5026162782353,18.7191586977013,12.5066785577545,18.7224169511897,12.5039085809035,18.7202278143434,12.5059053231702,18.7211162274093,12.5235438957101,18.7265574313157
12.5001083986741,18.7274542828686,12.5042611528483,18.7308204672283,12.5014284616426,18.728558685557,12.5034742097209,18.7294747199616,12.5215033574559,18.7350603209377
12.4976004789586,18.7357522107348,12.5018339048029,18.7392317125439,12.4989449910136,18.7368936802151,12.5010385680952,18.7378383930671,12.5194580430574,18.7435725045497
12.4950910111821,18.7441404564257,12.4993968152549,18.7476507477815,12.4964571640709,18.7452914684829,12.4985976458593,18.74625126539,12.5174078777289,18.752094029174
12.4925815434056,18.7525287021166,12.4969486055999,18.7560820211786,12.4939655847753,18.7536933206049,12.4961515947299,18.7546704076004,12.5153518248522,18.7606294113085
12.4900612637978,18.7606276101191,12.4944879792225,18.764529853745,12.4914626116114,18.7619077846227,12.4936943783139,18.7629533172698,12.5132890255729,18.7691830898371
12.4875390024809,18.7686734851859,12.4920178992715,18.7729839088434,12.4889551237631,18.7700889527803,12.491231856944,18.7712129688603,12.5112220759256,18.7777446353592
12.4849758583209,18.7769824716028,12.489541898912,18.7814319641498,12.4864183714171,18.7784435156637,12.4887463028128,18.7796013115323,12.5091535410732,18.7863015845706
12.482412706678,18.7852915061778,12.4870587351807,18.7898782549214,12.4838791876086,18.7867975086453,12.4862575461642,18.7879889360626,12.5070817738654,18.7948580856399
12.4798350233038,18.7935794553694,12.4845665976365,18.7983289039364,12.4813272821899,18.7951388824159,12.4837574412891,18.7963683440563,12.5050049457738,18.8034202701388
12.4772539750651,18.8018628507915,12.4820658370782,18.8067826924196,12.4787702169023,18.8034782517827,12.4812517420221,18.8047471911785,12.5029232934392,18.8119868952996
12.4746622522558,18.8101464120153,12.4795568374649,18.8152381327997,12.4762032473781,18.8118182674072,12.4787369800819,18.8131270927484,12.5008370946057,18.8205564533692
12.472070322178,18.8184298526802,12.4770395386662,18.8236952749962,12.4736333318561,18.8201587549555,12.4762183596022,18.8215079315643,12.4987462430168,18.8291289901587
12.4694639619645,18.8267048999735,12.474513884405,18.8321544445267,12.4710509695621,18.8284943076321,12.4736887425951,18.8298857349397,12.4966506727433,18.8377048320312
12.4668576017509,18.8349799472667,12.4719799627687,18.8406154499125,12.4684658100952,18.8368304571707,12.4711553876901,18.8382646042118,12.4945504501681,18.8462837851218
12.4642371376837,18.8432423932432,12.4694378253594,18.849078091795,12.4658684682544,18.8451587362132,12.468611268262,18.8466381395952,12.4924455987508,18.854865648017
12.4616157484416,18.851504012607,12.4668875982618,18.85754192423,12.4632677721265,18.8534868459188,12.4660630350901,18.8550120056955,12.4903361970572,18.8634499675725
12.4589817193963,18.8597499926714,12.4643294172427,18.8660064728584,12.4606559575323,18.8618047530622,12.463504896994,18.8633785591686,12.4882223231797,18.8720362596034
12.4563461604709,18.8679943288273,12.4617634568486,18.874471086329,12.4580404897081,18.8701215708372,12.4609424936684,18.8717444720466,12.4861040649834,18.88062385625
12.4536964689908,18.8762375177825,12.4591899203684,18.8829350874999,12.4554130351214,18.8784374047419,12.4583696226947,18.8801096539776,12.4839815138881,18.8892120564504
12.4510465268526,18.8844805299754,12.4566087629475,18.8913986202072,12.4527828334587,18.8867529496188,12.455793203316,18.8884746629913,12.4818545569601,18.8978009919925
12.4483823493048,18.8927135034648,12.4540199218909,18.8998618840364,12.4501405405785,18.8950616972712,12.4532062126576,18.8968346688445,12.4797230933802,18.9063908578626
12.4457161125819,18.9009497623004,12.4514234715553,18.9083246264317,12.4474942989745,18.903372446206,12.4506147749668,18.9051962076538,12.4775871533468,18.9149813947125
12.4429980567268,18.9092686968599,12.448819421518,18.916786807563,12.4448109386123,18.9117381100145,12.4479940148924,18.9135989553289,12.4754467193466,18.92357256043
12.4402800008718,18.9175876314194,12.446206092815,18.9252538701328,12.4421244429102,18.9201053847752,12.4453690269556,18.9220043034505,12.4733005070597,18.9321699093406
12.4375619450167,18.925906565979,12.443581838049,18.9337310384965,12.4394342597768,18.9284760109343,12.4427390116289,18.9304148723719,12.4711474909798,18.9407788360044
12.4348430665042,18.9342283508247,12.4409466325727,18.9422182984471,12.4367398323679,18.9368518837989,12.4401035462059,18.9388320812262,12.4689880735734,18.9493994395701
12.4320863024625,18.9426813988278,12.4383004322724,18.9507156911162,12.4340164375924,18.9453186256313,12.437444079106,18.9473201584153,12.4668225648636,18.9580318569737
12.4293295384207,18.9511344468308,12.4356423878053,18.9592258365447,12.4312890483344,18.9537896005975,12.4347791427255,18.9558147875913,12.4646505699482,18.9666788341155
12.4265972526799,18.9592929893595,12.4329716430403,18.9677512911208,12.4285736971978,18.9620693234659,12.4321205626391,18.9641699996147,12.4624717096379,18.975343060629
12.4238695700152,18.9673961509584,12.4302905325107,18.9762844156359,12.4258579168887,18.9703146655664,12.4294595341708,18.9725015275458,12.4602880417711,18.9840168234981
12.4210692384653,18.9757543196473,12.4276018821978,18.9848161519929,12.423091154138,18.9787295347044,12.4267588024954,18.9809600242076,12.4581016163502,18.9926908600238
12.4182537275607,18.9841657698569,12.4249044487589,18.9933504579212,12.4203113046454,18.9871807654322,12.4240464990864,18.9894466120569,12.4559110089203,19.0013690950934
12.4154194514989,18.9925874733507,12.422196166292,19.001893844575,12.4175152847539,18.9956418411431,12.4213198293131,18.9979430429915,12.4537143932989,19.0100581185856
12.4125841580986,19.0010097327183,12.4194769060905,19.010446635377,12.4147148830051,19.0041064044792,12.4185876048059,19.0064446314884,12.4515117645089,19.0187582928919
12.4097289919109,19.0094336501958,12.416746908098,19.0190079837959,12.411897609722,19.0125749082028,12.4158405148533,19.0149515053132,12.4493034466293,19.027468798499
12.4068727806591,19.0178576548694,12.4140063869119,19.0275769730871,12.4090760889974,19.0210459995849,12.4130880772658,19.023462420689,12.4470896721159,19.0361887317698
12.4039962143084,19.0262990568624,12.4112554923407,19.0361526636975,12.4062374981795,19.0295309056262,12.4103207083005,19.0319855632667,12.4448705335949,19.0449171517077
12.4011195915034,19.0347405071063,12.4084940754142,19.0447351243483,12.4033953201009,19.0380180830731,12.407548484051,19.0405122946686,12.4426458518732,19.0536541331946
12.3982373632813,19.0431658973539,12.4057218972602,19.0533244439363,12.4005457757872,19.0464968225382,12.404768511791,19.0490346074706,12.4404153562162,19.0623997762142
12.3953338318479,19.0515302520909,12.4029391060556,19.0619196098253,12.3976784501135,19.0549368028576,12.4019730121985,19.0575295078951,12.43817908928,19.0711530563844
12.3924050935532,19.059944156814,12.4001469747347,19.0705159691927,12.3947911682019,19.0634101976195,12.3991606463465,19.0660499568436,12.4359378809853,19.0799092186183
12.3894763549207,19.068358062201,12.3973456213498,19.07911233086,12.3919007748244,19.0718835770249,12.3963440707232,19.0745705845109,12.4336915021264,19.0886670035394
12.3865476162882,19.0767719675881,12.3945340292669,19.0877111390212,12.3890069296298,19.08035775462,12.3935227900627,19.0830926188447,12.4314388753611,19.0974288654699
12.3836172701148,19.0851903581947,12.3917119529917,19.0963123038035,12.3861084790208,19.0888356903519,12.3906958773046,19.0916182597455,12.4291796442877,19.1061947097004
12.380642587564,19.0937324522673,12.3888791200496,19.1049159534881,12.3831768462286,19.0973969055953,12.3878418327458,19.1002071829644,12.4269135005997,19.1149646768131
12.3776679050132,19.10227454634,12.3860333601819,19.1135278762448,12.3802408614857,19.1059608592431,12.3849817714316,19.1088004435995,12.4246387623061,19.1237447182987
12.374723895574,19.1104565069076,12.3831724609294,19.1221536173888,12.377320232288,19.1142893091996,12.3821299552401,19.1172207609002,12.422353946655,19.1325406134922
12.371781457354,19.1185835524118,12.3803002958944,19.1307804922004,12.3743968569451,19.1225815087068,12.3792737005213,19.1256143819899,12.4200622828405,19.1413395098983
12.3687623151465,19.1269817698018,12.3774214747489,19.1393938088013,12.3714201016349,19.1310499559133,12.3763760962487,19.1341369814546,12.4177669323553,19.1501263295849
12.3657415554359,19.1353865248894,12.3745338159405,19.1479989828761,12.3684392935472,19.1395200318794,12.3734736249579,19.1426589631467,12.4154653111759,19.1589064283428
12.3626882328774,19.1439228939811,12.3716343923424,19.156603794788,12.3654328204404,19.148077711886,12.3705493924599,19.1512467722131,12.4131546375728,19.1676876715771
12.3596349103188,19.1524592630727,12.3687205016391,19.1652149973869,12.3624214845273,19.1566375020037,12.3676183663167,19.159837994075,12.4108328067949,19.1764770214432
12.3566073130809,19.1606167538852,12.3657894251118,19.1738389726773,12.3594215245531,19.1649489418686,12.3646920864545,19.1682463972728,12.4084980637985,19.1852811758352
12.3535851494261,19.1686942197818,12.3628447651584,19.1824636900714,12.3564206208577,19.1732072589977,12.3617621378312,19.1766153738757,12.4061535645543,19.194087996809
12.3504789797639,19.1769710256553,12.3598908985707,19.1910745840138,12.3533606191317,19.1815938455469,12.358785907307,19.1850773010592,12.4038023497781,19.202882575331
12.3473400377176,19.1853255979472,12.3569267834553,19.199673423709,12.3502753281826,19.1900282419979,12.3557885022626,19.1935722845153,12.4014427686384,19.2116665607231
12.3442010956712,19.193680170239,12.3539497704018,19.2082661525461,12.3471857085091,19.1984605831702,12.3527850178333,19.2020644292276,12.3990720603755,19.2204459307415
12.3410597703578,19.2020336954492,12.3509588106643,19.2168543145268,12.3440898200043,19.2068906846952,12.3497737455487,19.2105539908645,12.396689123803,19.2292222613898
12.3378694313447,19.210365686629,12.3479532707851,19.2254376867317,12.3409563641988,19.2153048136599,12.3467310507468,19.2190306195417,12.3942933097172,19.2379953807461
12.3346779171533,19.2186969546519,12.3449323807242,19.2340164873645,12.3378169762968,19.223716916037,12.343680468112,19.2275048359088,12.3918839066024,19.2467655787877
12.3314461872562,19.2270034755642,12.3418954864806,19.2425909411373,12.3346454108647,19.2321110501565,12.3406021510075,19.2359647458432,12.3894603350234,19.2555331488587
12.3282135631016,19.2353162623755,12.3388419361893,19.251160538689,12.3314676650741,19.2405077210172,12.3375154303262,19.2444256068619,12.3870219270833,19.2642976419015
12.3249572519173,19.2437950198985,12.3357708855119,19.259725018022,12.3282682623735,19.2490133105075,12.3344084852513,19.2529671474396,12.3845677980635,19.2730588580992
12.321700940733,19.2522737774216,12.3326789064066,19.2682917453466,12.3250618455486,19.2575196241604,12.3312914907965,19.2615100883073,12.3820952026088,19.2818244398574
12.3183556953805,19.2603395724848,12.3295625203602,19.2768677491551,12.3217879595876,19.2657536935847,12.3281182844776,19.269851486107,12.3796016678247,19.2906017963839
12.3149905228482,19.2683292748988,12.3264245099934,19.2854414645174,12.3184935440645,19.2739362453539,12.3249246862066,19.2781539780564,12.3770894762453,19.2993793015901
12.3115739781401,19.2766195464104,12.3232687115762,19.2939993528934,12.3151589272726,19.28231387834,12.3216968077143,19.2865991052611,12.374561152383,19.3081430961765
12.3081574334319,19.2849098179221,12.3200923587989,19.3025458039677,12.3118174329508,19.2906876746762,12.3184589805858,19.2950387983777,12.3720135907236,19.3168975791722
12.3046750415849,19.2931664360601,12.3168920578415,19.3110873203282,12.3084240262398,19.2990373634871,12.3151766248421,19.3034595057736,12.3694435427846,19.3256493950721
12.3011894185001,19.3014214027664,12.3136672638673,19.3196230886458,12.3050202693755,19.3073840075415,12.3118807688481,19.3118768273719,12.3668503948023,19.3343977789509
12.2976758054739,19.3095501636593,12.310416742638,19.3281519994822,12.3015892456492,19.3156441997525,12.3085584076449,19.3202279420755,12.3642328084556,19.343141716853
12.2941591130909,19.3176712931911,12.3071420918637,19.3366662928876,12.2981481014707,19.3238944046511,12.3052227437371,19.3285682499754,12.3615916064998,19.3518733021681
12.290585816993,19.3257468074957,12.303845308368,19.3451580260095,12.294661828709,19.3321066547225,12.3018479624293,19.3368747787262,12.3589276444413,19.3605843077921
12.2870125208952,19.3338223218002,12.3005243628461,19.3536279499494,12.291167488303,19.3403116098334,12.2984613567107,19.3451707289379,12.3562381854929,19.3692754010071
12.2833358031167,19.3418017910741,12.2971773779324,19.3620772107746,12.2875955067595,19.3484456209382,12.2950102837534,19.3534086670141,12.353520861959,19.3779476826744
12.2796512838564,19.3497740153144,12.2938032077955,19.3705054884899,12.2840092495099,19.3565677806035,12.291541976583,19.3616328437558,12.3507741617269,19.38660080507
12.2759667645961,19.3577462395546,12.2904009110208,19.3789125510485,12.2804136040077,19.3646828407523,12.2880598614086,19.3698467750355,12.3479969513082,19.39523454276
12.2722787999588,19.3657162342427,12.2869693939514,19.3872978325844,12.276805909201,19.3727891255155,12.2845616624263,19.3780490737901,12.3451879720269,19.4038483625416
12.268477390784,19.3736128173669,12.2835077773401,19.3956608564761,12.2731125395042,19.3808390205481,12.2809919346251,19.3862039198873,12.3423462266144,19.4124418159329
12.2646763985084,19.3815185894967,12.2800146076691,19.4040020809147,12.2694089173396,19.3888877442966,12.2774068823958,19.3943528559573,12.3394702388495,19.4210154355804
12.2608879049116,19.3896998488025,12.2764881745992,19.4123222029611,12.2657025258184,19.3971130595249,12.2738116930724,19.4026293946862,12.3365583484437,19.4295700282258
12.2570994113148,19.3978811081083,12.2729230612446,19.4206311346471,12.2619832171955,19.4053346069474,12.2701974754058,19.4109007892166,12.3336061923432,19.438115971904
12.2530971708503,19.4052484835618,12.2693137121531,19.4289383106695,12.2581066313058,19.4130129364231,12.2664546411693,19.4187648568197,12.3306097442121,19.4466633617354
12.2490489902704,19.4124609669023,12.2656667310169,19.4372246548301,12.2541868526851,19.4205810208638,12.2626702522513,19.4265415111169,12.3275747316189,19.4551928792784
12.244949782285,19.42023134633,12.2619907968446,19.4454678522765,12.2502234089715,19.4285066246039,12.2588459503406,19.4345759352595,12.3245075459623,19.4636814108549
12.2408505742997,19.4280017257576,12.2582808108997,19.453676749279,12.2462486152343,19.4364207630432,12.2550047661494,19.4425936468207,12.3214025450215,19.4721377076133
12.2366424857376,19.4356781084083,12.2545301633832,19.4618636394882,12.2421876699544,19.4442648634981,12.2510890401526,19.4505538451067,12.3182535247807,19.4805743064313
12.2324127014679,19.4433367342154,12.2507381056584,19.4700267797525,12.2380984458606,19.4520891697527,12.2471419711122,19.4584937866699,12.3150597078837,19.4889895363385
12.2280937479986,19.4509558443797,12.2469038971552,19.4781642328899,12.2339357138965,19.4598785288323,12.2431294328812,19.4664016325778,12.3118203694762,19.4973815554692
12.2237695040875,19.4585720594076,12.2430261779551,19.4862760284421,12.2297549391131,19.4676573625915,12.2390926814428,19.4742957219347,12.3085342814709,19.5057505194969
12.2193445688166,19.4661331721925,12.2391034417613,19.4943623104284,12.2254920179118,19.4753909125044,12.2349832606496,19.4821500385826,12.3052000656098,19.5140967054641
12.2149196335458,19.4736942849773,12.2351343525617,19.5024227926729,12.2212136320948,19.4831158163726,12.230850842447,19.4899920049017,12.3018164727734,19.522419946576
12.2103721009634,19.4811671066501,12.2311177952618,19.5104572377359,12.2168376780939,19.4907731328558,12.226633565486,19.4977773694646,12.2983824770235,19.5307201100203
12.2058176771291,19.4886349654384,12.2270530180255,19.5184645397602,12.2124410432225,19.4984180444007,12.2223888950979,19.5055472537752,12.2948973264366,19.5389961613177
12.2011480589207,19.4960275632334,12.2229394773051,19.5264436554262,12.2079513449749,19.5060033369878,12.2180623968902,19.5132659960262,12.2913604591969,19.5472471051545
12.1964701579356,19.5034148874502,12.2187764493563,19.5343938751961,12.2034396172015,19.5135754314898,12.2137071565048,19.5209682456778,12.2877711209445,19.555472276703
12.1916217774946,19.5106956641165,12.2145631916603,19.5423144954109,12.1987974819869,19.5210665764618,12.2092416959732,19.5286030246737,12.2841285068265,19.563671003884
12.1867733970537,19.5179764407828,12.2102989539581,19.5502051999691,12.1941383425673,19.5285476972587,12.2047508744543,19.536223459549,12.2804318433818,19.5718430061467
12.1819250166127,19.5252572174491,12.2059829535477,19.5580656193426,12.1894619383552,19.5360186696479,12.2002342945481,19.5438293766579,12.2766803384825,19.5799879593854
12.1770746187377,19.5325365781691,12.2016147588566,19.5658950538573,12.1847667811714,19.5434783156639,12.1956907230637,19.5514197266032,12.2728735424629,19.588105192519
12.1720364371731,19.5396841419544,12.1971939110201,19.5736927716413,12.1799288746167,19.5508394699213,12.191027038468,19.5589289617015,12.2690109637102,19.5961939985873
12.1670022279665,19.5468418096472,12.192719939632,19.5814580422508,12.1750759000375,19.5581964887448,12.186338874576,19.5664276760907,12.2650920870331,19.6042536668937
12.1620913158037,19.5543130900397,12.1881923748697,19.5891904140773,12.1702872511255,19.5657515599828,12.1816856519665,19.5740674072788,12.2611164230604,19.6122837673113
12.1571804036408,19.5617843704322,12.1836066810484,19.5968962520899,12.1654792119916,19.5732977254658,12.1770035028719,19.5816945728893,12.2570800846402,19.6202910452169
12.1517414869939,19.5686280456881,12.1789581920011,19.6045815266444,12.1602982178543,19.5804185666044,12.1720261371152,19.5889983981362,12.2529793748573,19.6282820448212
12.1461977378659,19.5753471132834,12.17424939126,19.6122403739782,12.1550272148558,19.5874474611896,12.1669663294778,19.5962274343536,12.2488169074821,19.6362510229397
12.140653988738,19.5820661808786,12.1694835496428,19.6198660339873,12.1497371882183,19.5944652303626,12.1618780734508,19.6034405847826,12.2445956132029,19.6441910866361
12.1351066989685,19.5887931922746,12.1646609726025,19.6274567551151,12.1444258821979,19.6014765866673,12.1567597352998,19.6106409495638,12.2403154958263,19.6521003781209
12.1294939177618,19.5956671405806,12.1597814200195,19.6350119058129,12.1390519177036,19.6085739814521,12.1515802118849,19.6178977174977,12.2359760292889,19.6599781548154
12.1238787098763,19.6025365407072,12.154843678951,19.6425322660205,12.1336569333692,19.6156566832861,12.1463704326994,19.625135551825,12.231575888504,19.6678251839082
12.1181768383124,19.6092435122607,12.1498467213564,19.650018424046,12.1281844281174,19.6226196332452,12.1410877668053,19.6322758205977,12.2271140550751,19.6756421007965
12.1124803202997,19.615962718568,12.1447935110466,19.6574648520383,12.1226967403582,19.629577433481,12.1357796542952,19.6394030724624,12.2225930175188,19.6834231318139
12.1069254580833,19.6230056583637,12.1396869317911,19.6648666125993,12.1172857059067,19.6367361073616,12.1305156439189,19.6466705704324,12.2180150060507,19.6911629652807
12.1013705958669,19.6300485981594,12.13452089208,19.6722318726401,12.1118548499729,19.6438825489603,12.1252219293088,19.6539205886777,12.2133743283461,19.6988700485297
12.0953343446989,19.6360170646745,12.1292892663862,19.6795682867051,12.1060811967233,19.6503029873455,12.1196548149918,19.6606197749797,12.2086657401327,19.7065526311534
12.0891988055181,19.6417819306705,12.1240027344821,19.6868598859419,12.1002230540059,19.6565726901253,12.1140105463108,19.6671954940738,12.2038990090909,19.7141941698845
12.0831412923062,19.6481475655188,12.1186744393482,19.6940882217177,12.0944030371848,19.6632217714584,12.1083841947862,19.6740406048257,12.1990852813296,19.7217749081178
12.0770774939601,19.6545059880021,12.1132994014486,19.701260332908,12.0885632763709,19.669847254603,12.1027311772752,19.68085468766,12.1942190056688,19.7293014991484
12.0709154647171,19.6607516878209,12.1078703817605,19.7083858993168,12.0826400516551,19.6763820182217,12.0970019809133,19.6875898943244,12.1892931722602,19.7367837525957
12.0647579209029,19.6670091098185,12.1023873408908,19.7154647434032,12.0767018256773,19.6829089643627,12.0912479343795,19.6943083613547,12.1843078535471,19.7442215189343
12.0587252673374,19.6735929188517,12.0968500961144,19.7224969228962,12.0708288058291,19.6896378869457,12.0855291421706,19.7011674549123,12.1792631487868,19.7516150013355
12.0526926137719,19.6801767278849,12.0912534487705,19.729488800397,12.0649359914814,19.6963533087243,12.0797806108059,19.7080072124758,12.1741547597287,19.7589711670289
12.0462563275042,19.6857249883135,12.085592161281,19.7364463118746,12.0587525404717,19.7023668352299,12.0737979522981,19.7143128778021,12.1689786087987,19.7662967798736
12.0396911769699,19.6909426382375,12.0798756684534,19.7433572611245,12.0524647864251,19.7081443665757,12.0677231500696,19.7204307405298,12.1637437851574,19.7735793708429
12.0331181743695,19.6967468220624,12.0741168286201,19.7502061278946,12.0461577102635,19.714292174892,12.0616229984901,19.7268115067833,12.1584617174608,19.7808023185175
12.02654503984,19.7025608607343,12.0683121306115,19.7569975939802,12.0398352872591,19.7204273669427,12.0554996443414,19.7331692177625,12.1531284584464,19.7879699456596
12.0199719053104,19.7083748994063,12.062454706386,19.7637399552618,12.0334953078038,19.7265461307104,12.0493497905874,19.7395031605047,12.1477373944753,19.7950907099071
12.013400824727,19.7141967689257,12.0565447915498,19.7704328954972,12.0271392187741,19.7326535798768,12.0431745716992,19.7458170929431,12.1422888627913,19.8021643260159
12.0068987979024,19.7202819118916,12.0505825620394,19.7770761024894,12.020811744856,19.7389199042711,12.0370075662859,19.7522385822437,12.136783228637,19.8091905890648
12.0003967710778,19.7263670548575,12.0445629666524,19.7836750351741,12.0144651602582,19.7451714014886,12.0308117674003,19.7586387717539,12.1312161611808,19.8161755157746
11.9935242357161,19.7313973009242,12.0384808389923,19.7902347285269,12.007850730735,19.7507064781327,12.024399379041,19.7644927821986,12.1255834358264,19.8231249228598
11.9865589866846,19.7361661043834,12.0323456798524,19.7967443285737,12.0011568291786,19.7560504931772,12.0179139392284,19.7701918283893,12.1198942078241,19.8300276582003
11.9798291225508,19.7419852055431,12.026169689136,19.8031908364901,11.9946062716404,19.7620736225517,12.0115254728121,19.7763851757731,12.1141594697884,19.8368696685267
11.973099258417,19.7478043067028,12.019943856589,19.8095838101355,11.9880391234298,19.7680788455125,12.0051118708065,19.7825525457676,12.10837035473,19.8436606367769
11.9659931054865,19.7528263083818,12.0136564967055,19.8159349538324,11.9812006176519,19.7735386506446,11.9984792529185,19.7883013552436,12.1025161336424,19.8504131189888
11.9588069694623,19.7576788804021,12.0073144703717,19.8222366630739,11.9742905836507,19.7788689534993,11.9917791200615,19.7939415730195,12.0966035849167,19.8571194298187
11.9516208334381,19.7625314524224,12.0009263510901,19.8284801405212,11.967365211497,19.7841797839711,11.9850556610397,19.7995534393181,12.0906406925345,19.8637702187214
11.9444395855397,19.7674048775144,11.9944940719877,19.834663562793,11.9604284087645,19.7894844402133,11.9783122663276,19.8051464579134,12.0846289165332,19.8703632055069
11.9373823897917,19.7728075173766,11.9880178352689,19.8407868897206,11.9535596873845,19.7951218180357,11.9716086149037,19.8109747937752,12.0785680725162,19.8768979545075
11.9303251940438,19.7782101572388,11.9814896343368,19.8468575597425,11.9466736694335,19.8007415781884,11.964878745222,19.8167776406358,12.0724505681961,19.8833822881525
11.9229955181903,19.7826049860281,11.9749014681731,19.8528823678124,11.939586026116,19.805674101199,11.9579824771259,19.8220545713041,12.0662692787535,19.8898238645516
11.9155859016053,19.7867083630215,11.9682625718492,19.8588520626612,11.932428202731,19.810393882624,11.9510205968245,19.8271590506839,12.0600332348657,19.8962132274007
11.9080631967087,19.7914339681441,11.961585169432,19.8647553676128,11.9251821900374,19.8155062985827,11.9439825269449,19.8325421679595,12.0537537436708,19.9025381544932
11.9005393371115,19.7961580190651,11.9548608658374,19.8705996755436,11.9179198061041,19.820597950949,11.9369201078831,19.837895818251,12.0474225542202,19.908806187212
11.8929156385772,19.8007476889794,11.9480783536081,19.8763944424693,11.9105714818656,19.8255834273368,11.9297784332882,19.8431584322182,12.0410291427554,19.91502760873
11.885291940043,19.8053373588937,11.9412383574163,19.8821381679682,11.9032040176999,19.8305518125932,11.9226077613553,19.8483964445278,12.0345746220915,19.9212013509914
11.8775626615498,19.8097678279571,11.9343416654232,19.8878294209253,11.8957472904697,19.8353964949362,11.915355675458,19.8535295353539,12.0280601089059,19.92732636843
11.8698278216073,19.8141899110779,11.9273890543311,19.8934668902849,11.8882682396274,19.8402175807754,11.908072554787,19.8586324541895,12.0214865672289,19.9334015977755
11.8620048378527,19.8184673766777,11.920381295696,19.8990491747427,11.8807120694782,19.8449237826031,11.9007174748366,19.863636382689,12.0148548126057,19.9394257501202
11.854179772083,19.822741426316,11.9133190998059,19.9045750433745,11.8731363933034,19.8496088252282,11.8933338042148,19.8686113048887,12.0081655150354,19.9453976118854
11.8462724577981,19.8269022518967,11.9062032145329,19.9100433378896,11.8654880180158,19.854199117997,11.8858818167346,19.8735017358068,12.0014193284151,19.9513159760349
11.8383632553343,19.8310604781931,11.8990333848154,19.9154536330328,11.8578204332089,19.8587682686472,11.8784015555297,19.8783627834768,11.9946159396839,19.9571804157769
11.8303620199363,19.835044819926,11.8918093076078,19.9208054689729,11.8500734423726,19.8632019332122,11.8708477866162,19.8831085840032,11.9877550120424,19.9629905028096
11.8223006426905,19.8389155312606,11.8845318380754,19.9260975161518,11.8422685932477,19.8675398387265,11.8632368637099,19.8877685963481,11.9808373090461,19.9687448673613
11.8141974910875,19.842705527894,11.8772023270095,19.9313282029156,11.8344185834484,19.871803406591,11.8555786239422,19.8923584841165,11.9738640356143,19.9744418204181
11.8060895790534,19.8464862222704,11.8698216324798,19.9364964266718,11.8265483768517,19.8760398785984,11.8478919861348,19.8969133988388,11.9668359053771,19.9800801334552
11.7979169606234,19.8501332914667,11.8623902446003,19.9416014217601,11.8186181743413,19.8801661181431,11.8401472085872,19.9013707964983,11.9597532872088,19.9856589344509
11.7897443421934,19.8537803606629,11.854908743125,19.9466423775267,11.81067130825,19.8842709390592,11.8323769199057,19.9057970835109,11.9526166476778,19.9911773106224
11.7815040547735,19.8572790010714,11.8473776952847,19.9516184724376,11.8026628564851,19.8882551155764,11.8245475544794,19.9101176339253,11.9454264500375,19.9966343482829
11.7732581245444,19.8607652642399,11.8397976785991,19.9565289397779,11.7946343637724,19.8922090937704,11.8166903999126,19.9144000891888,11.938183180994,20.0020291973093
11.7649440595346,19.8640646430297,11.8321693124411,19.9613730385928,11.7865443766387,19.8960162891982,11.8087745057777,19.9185568236849,11.9308873786384,20.0073610386008
11.7565851549725,19.8672411207754,11.824493966882,19.9661496057579,11.7784088838334,19.8997189712723,11.8008121858762,19.9226192378545,11.9235402959047,20.0126285711008
11.7481981004634,19.8703654129086,11.8167736085612,19.970857189816,11.7702396696781,19.903363802273,11.7928127462959,19.9266219476747,11.9161437338587,20.0178301237695
11.7398110459544,19.8734897050418,11.8090086621656,19.9754953620118,11.7620556436049,19.9069854304792,11.7847904635158,19.9305908321123,11.9086980108542,20.0229651255012
11.7313655315606,19.8764582965303,11.8011989879608,19.9800640435666,11.7538177864121,19.9104800290228,11.7767160304433,19.9344480076539,11.9012029368503,20.0280334317282
11.7229185586817,19.879423003525,11.7933451166467,19.9845627584701,11.7455642769136,19.9139486504206,11.7686182011902,19.938269142963,11.8936589986773,20.0330345043375
11.7144003939896,19.882146941312,11.7854475875647,19.9889910424475,11.7372488069929,19.9172332172434,11.7604623669423,19.9419355620646,11.8860667073812,20.0379678376386
11.7058544266138,19.8847768510103,11.7775076762384,19.9933480412084,11.7289007293473,19.9204312734675,11.7522708436903,19.9455201986541,11.8784272788782,20.0428324817386
11.697308459238,19.8874067607086,11.7695269473623,19.9976327911852,11.7205391023998,19.9236051852882,11.7440582976604,19.9490695723298,11.8707421885478,20.0476273229636
11.6887590490279,19.890025379673,11.7615063070125,20.0018447336072,11.7121619342584,19.9267472406173,11.7358234475475,19.9525777529233,11.8630122661046,20.0523516673211
11.6801463636762,19.8924364885709,11.7534464244288,20.0059835296304,11.7037295607717,19.9297265145235,11.7275367012032,19.9559464582182,11.8552381259769,20.0570050623248
11.6715314596527,19.8948391803942,11.7453477655154,20.0100488703729,11.6952828423929,19.9326756332368,11.7192288093338,19.9592750791079,11.8474201953209,20.0615871177375
11.6628721351344,19.8970733521956,11.7372108398788,20.014040502301,11.6867938151688,19.9354877774183,11.71087891589,19.9624834355048,11.8395589664605,20.0660975240463
11.6542128106161,19.899307523997,11.7290363802007,20.0179580568163,11.6782923378379,19.9382751716041,11.7025095861028,19.9656555986219,11.8316551559142,20.0705358574336
11.6455101491785,19.9013429341261,11.7208251585558,20.0218012562396,11.6697497772685,19.9409052162913,11.6940995272688,19.9686920438292,11.823709529742,20.0749017900304
11.636803839692,19.9033868933194,11.7125782314295,20.0255696783707,11.6611929458055,19.9435159790558,11.6856691000054,19.9716962070432,11.8157231237248,20.0791948229109
11.6280355936973,19.9056152022414,11.7042964297113,20.0292631093346,11.6525832621843,19.9462245900303,11.6771895659335,19.9747558758647,11.8076967590479,20.083414673863
11.6192673477026,19.9078435111634,11.6959753108868,20.032883717177,11.6439605342579,19.9489088662193,11.6686896904745,19.9777800137246,11.7996262114831,20.0875639004952
11.6106552402728,19.9092110906466,11.6876105982613,20.03643333862,11.6354274265038,19.9509955936259,11.6602454187964,19.9803392259553,11.7915075201331,20.0916449641384
11.6020687365813,19.9104148177464,11.6792127280182,20.0399075690926,11.6269003996367,19.9529478999275,11.6517966411575,19.9827796299268,11.7833509339482,20.0956530314787
11.5932107516429,19.9122636436528,11.6707940748438,20.0433017437292,11.618185529585,19.955303549706,11.6432009412848,19.9855032330026,11.775168342918,20.099582324897
11.5843527667044,19.9141124695592,11.6623457626144,20.0466199868684,11.6094608414625,19.9576338431784,11.6345896654442,19.9881896576088,11.7669509412367,20.1034370657007
11.5755534884364,19.9151639772974,11.6538570633517,20.0498669261942,11.6007618913463,19.959408762902,11.6259868511099,19.9904426855661,11.7586883883526,20.1072226766152
11.5667535768123,19.9160806730237,11.6453333451715,20.0530406322878,11.5920509100623,19.9610693395231,11.6173654798088,19.9925925406756,11.7503861136688,20.1109372986765
11.5577402325571,19.9172672583402,11.6367806818478,20.0561392286561,11.5831880587152,19.9628847557134,11.6086221586999,19.9948405667731,11.7420501361824,20.1145788407576
11.5487271120473,19.9184568218732,11.6281956180564,20.059164520792,11.5743146217078,19.9646776688157,11.5998620040351,19.9970542564426,11.7336771445805,20.1181493763541
11.5397214935982,19.9197462433195,11.6195739759706,20.0621182907292,11.5654340567289,19.9665132534649,11.5910865809413,19.9992829930488,11.7252631734769,20.1216511700892
11.5307158751491,19.9210356647658,11.6109161289307,20.0650006547959,11.5565414867832,19.968324975645,11.5822923191545,20.0014769033722,11.7168087349576,20.1250846533503
11.5217258359473,19.9216234706352,11.6022224492483,20.0678117186072,11.5476474223346,19.9696451266962,11.5734871888749,20.0032852311087,11.708314317457,20.128450216824
11.5127396475724,19.9220566011501,11.5934964568525,20.0705504915674,11.5387452194372,19.9708380075142,11.5646670666866,20.0049809122622,11.6997834205415,20.1317468239336
11.5037569039225,19.9227010716365,11.5847428018011,20.0732159222668,11.5298361595146,19.9721472846464,11.5558340548914,20.0067463771345,11.6912205858014,20.1349731002372
11.4947756434116,19.9233380414775,11.5759708256212,20.0758056046792,11.5209220529581,19.9734262767527,11.5469918069104,20.0084708949299,11.6826348303503,20.138125690352
11.4858276525774,19.9238067573272,11.5671888506053,20.078317742353,11.5120268690023,19.9745672316121,11.5381603487843,20.010073097494,11.67403406866,20.1412015348244
11.4768807397929,19.9242687054152,11.5583969032403,20.0807530339098,11.5031291559298,19.9756780435195,11.5293236006988,20.0116340833646,11.6654180813293,20.1442004922687
11.4679601060453,19.9245656794288,11.5495949786592,20.0831120939947,11.4942457127651,19.9766534483969,11.5204941614156,20.0130750600522,11.6567867028852,20.1471225372666
11.4590346660801,19.9248647456486,11.5407831358644,20.0853955009378,11.4853558353016,19.977605017176,11.5116565175247,20.0144798504957,11.6481399260334,20.1499678440662
11.4499738546067,19.925222740766,11.5319610924454,20.087603840004,11.4763723852544,19.9785708354419,11.5027452447813,20.015877169502,11.6394774760508,20.1527368099053
11.4409130431332,19.9255807358835,11.5231196587274,20.0897397824665,11.4673825433737,19.9795124938977,11.4938234606984,20.0172390010807,11.6307904388039,20.1554328411112
11.4323087329533,19.9253656095164,11.5142498800222,20.0918055141125,11.4586876553246,19.9800486242244,11.4851149585539,20.0182799852463,11.6220702558958,20.1580593657276
11.4238037597421,19.9250247413088,11.5053688852061,20.0937969986929,11.4500553253596,19.9804761508146,11.4764496581449,20.0192215737482,11.6133339279107,20.1606117475751
11.4147658131637,19.9250175757835,11.4964975349951,20.0957099662482,11.4410709743979,19.9810999820127,11.4675217729548,20.0202911036119,11.6046018675777,20.1630838765714
11.4057278665854,19.9250104102581,11.4876200546272,20.097548391636,11.4320846558942,19.9816989588821,11.4585899493841,20.0213239178726,11.5958583865711,20.1654799161112
11.3970656632335,19.9244867523454,11.4787169311507,20.0993164556196,11.4233403552206,19.981930118783,11.4498323504895,20.0220641053061,11.5870843654477,20.1678054722199
11.3884746098761,19.9238575949013,11.4698036934706,20.1010109121681,11.4146401891957,19.9820663866929,11.4411043900702,20.0227153311029,11.5782952723289,20.170056878688
11.3796064503201,19.9233209002706,11.4608988232724,20.1026284504584,11.4057581528542,19.9822386622893,11.4322411292849,20.023374691418,11.5695093026333,20.1722294071404
11.370733932317,19.9227840493923,11.4519955551034,20.1041706762913,11.3968738220092,19.9823857320098,11.4233755752298,20.0239967750918,11.5607196660095,20.1743243850948
11.3617430341796,19.9222429546608,11.4430839430587,20.1056394893906,11.3879078644311,19.9825054905659,11.4144457624438,20.0245806156424,11.5519165432499,20.1763441055795
11.3527521360421,19.9217018599293,11.4341571140126,20.1070359889591,11.3789369071119,19.9826011201318,11.4055074510775,20.0251289678863,11.5430932744184,20.1782904906876
11.3440810577177,19.920711081019,11.425208418567,20.1083609556042,11.3701719451342,19.9823730775952,11.3967172290203,20.025417461077,11.5342434776383,20.1801655330179
11.3354601319283,19.9196363659965,11.4162516642436,20.1096120193865,11.3614378052782,19.9820644175809,11.3879471245059,20.0256275985644,11.525380924878,20.1819665791496
11.326512047046,19.9187416448892,11.407302731625,20.110786983881,11.3524882436764,19.9818503866971,11.3790163841561,20.0258900463616,11.5165212897083,20.1836901803896
11.3175639621637,19.9178469237819,11.3983490479742,20.1118876344936,11.3435371738883,19.981611571896,11.3700823203063,20.026115872043,11.5076520536723,20.1853383717707
11.308956303155,19.9165527008972,11.3893759844237,20.1129156146183,11.3348066680282,19.9810821656342,11.3613078478705,20.0261063379949,11.4987587783089,20.1869138926138
11.3004122184651,19.915176178238,11.3803963856035,20.1138691591639,11.3261164417183,19.9804730584269,11.3525609290407,20.0260189851344,11.4898542707009,20.1884146212475
11.2916678397704,19.9138154531877,11.3714254021401,20.1147466566629,11.3172956355554,19.9798491343796,11.3437171739014,20.0259018596007,11.4809535331038,20.1898377924909
11.282919180084,19.9124525748555,11.3624577256395,20.1155488570643,11.3084731550948,19.9791986742139,11.3348719390587,20.0257464387911,11.4720512455337,20.1911839066481
11.2740547235327,19.9110314522392,11.3534855453425,20.1162765598844,11.2995720519282,19.9784845400785,11.3259655656808,20.0255251813489,11.4631396610964,20.1924540379373
11.2651902669814,19.9096103296228,11.3445032376116,20.1169300953957,11.2906676488811,19.9777456610423,11.3170531377846,20.0252674462423,11.4542132584516,20.1936491515972
11.2567288775396,19.9078703476651,11.335505391468,20.1175096027752,11.2820268534362,19.9767694996051,11.3083334783224,20.0248139424281,11.4452667520724,20.1947703507917
11.2483555480672,19.9060607030057,11.3265036067198,20.1180141321477,11.2734435286489,19.9757218814049,11.2996548607089,20.0242886316043,11.436311733344,20.1958164474006
11.239702485225,19.9041990195219,11.3175119096565,20.1184429703308,11.2646771557528,19.9746143401441,11.290840382108,20.023699783544,11.4273621419316,20.1967856387217
11.2310477931941,19.9023323845429,11.3085260969356,20.1187965929856,11.2559117362481,19.9734784253062,11.2820269932602,20.0230712438673,11.4184137641054,20.1976780587548
11.2225012547461,19.900330277284,11.2995395695362,20.1190753569886,11.247218258694,19.9722272337921,11.2732662846229,20.0223380213969,11.409460031169,20.1984941779707
11.2139565183331,19.898323982569,11.2905578770444,20.1192791162083,11.2385276722013,19.9709482458381,11.2645078443971,20.021565606127,11.4005064962473,20.1992334548076
11.205475863966,19.8961687780047,11.2815865277744,20.1194079540475,11.2298833329567,19.969545016153,11.2557855593886,20.0206816033902,11.3915586757232,20.1998954327386
11.196995209599,19.8940135734405,11.2726252219118,20.1194621582602,11.2212424194573,19.9681169155902,11.2470672352956,20.0197606181367,11.3826162998311,20.2004801157843
11.188578286623,19.8917021909894,11.2636736802516,20.1194419367413,11.2126473260688,19.966559895202,11.2383845935974,20.018724669125,11.3736791268953,20.2009875080591
11.1801614520118,19.8893905919946,11.2547318108655,20.1193475444686,11.2040555932524,19.9649780137605,11.2297057628422,20.0176518641725,11.3647471160349,20.2014177638092
11.1718076389812,19.8869284025185,11.2457995167579,20.1191792164163,11.1955091439812,19.9632710993788,11.2210621569291,20.016467132984,11.3558202261934,20.201771105167
11.1634563995513,19.8844600634066,11.2368770585132,20.1189371198862,11.1869677663874,19.961535500994,11.212423676951,20.0152427734019,11.3468987712748,20.2020477167937
11.1550917162357,19.8818207157008,11.2279646780584,20.1186215085922,11.1784208626395,19.9596613966548,11.2037824312558,20.0138964771672,11.33798305147,20.2022479072652
11.1467270798707,19.8791777654085,11.2190571487921,20.1182323886121,11.1698756846579,19.9577603841713,11.1951425457413,20.0125120220439,11.3290678932663,20.2023721899678
11.1383934327561,19.876377438191,11.2101491846028,20.1177695454405,11.1613510992328,19.9557298657519,11.1865168392229,20.0110124844489,11.3201480470806,20.2024211166732
11.1300597856414,19.8735771109735,11.2012415208393,20.1172329325354,11.1528266924718,19.9536747410629,11.1778901767334,20.0094765140565,11.3112242725002,20.2023951479987
11.1217777271609,19.8706207910082,11.1923349721432,20.1166225402983,11.1443371287556,19.9514910108783,11.1692887524251,20.0078260957605,11.3022973979032,20.2022946577587
11.11350193279,19.8676445000922,11.1834306517784,20.1159384418709,11.1358525630823,19.949269381558,11.1606904543077,20.0061292603865,11.2933685466991,20.202119935143
11.1052634925513,19.864527194626,11.174529720928,20.1151807198491,11.1273941093906,19.9469291864554,11.1521114017149,20.0043255107849,11.284438887405,20.2018711429458
11.0970268630147,19.8614045611823,11.1656328495634,20.1143495080404,11.1189382955023,19.9445609290962,11.1435341525137,20.0024827477801,11.27550910033,20.2015484419329
11.0888416746518,19.8581305624804,11.1567406639659,20.1134449182915,11.1105184172954,19.9420672896635,11.1349838293632,20.0005279996809,11.2665798210571,20.2011519334449
11.0806564862889,19.8548565637785,11.1478539199052,20.1124671192175,11.10210043264,19.9395492357876,11.1264350846748,19.9985370223401,11.2576518180864,20.2006817483907
11.0725301658301,19.8514253764136,11.1389733669181,20.1114162617476,11.0937238367193,19.9369020266002,11.1179177220167,19.9964312858395,11.2487258534601,20.2001379853275
11.064403923522,19.8479939803713,11.1300997372139,20.1102924826618,11.0853496805098,19.9342303622334,11.1094027072643,19.9942893375647,11.2398026722014,20.1995207173263
11.0563431753872,19.8444146001728,11.1212337590093,20.1090959381597,11.0770218174822,19.9314357789389,11.1009231074893,19.9920373567878,11.2308830175645,20.1988300296776
11.0482876043774,19.8408235222549,11.1123763470001,20.1078268005734,11.0687003411894,19.9286091931789,11.092449216677,19.9897435588359,11.2219678212846,20.1980660054604
11.0402921360627,19.8370887858162,11.1035284404099,20.1064852448548,11.0604221817438,19.9256626909247,11.0840089624074,19.9873420363817,11.2130580415537,20.1972287194149
11.0322976081536,19.8333518016035,11.0946906477664,20.1050713965291,11.0521481005099,19.9226905889205,11.0755730623279,19.9849035479381,11.2041543049488,20.1963182138581
11.0243724199319,19.8294677866085,11.0858635516237,20.1035853714303,11.0439238912512,19.919596404766,11.0671760017545,19.9823557505272,11.1952572117661,20.195334532099
11.0164486205209,19.8255808267211,11.0770478571977,20.1020273603876,11.035704488442,19.9164762603502,11.0587841534143,19.979770770974,11.1863674887304,20.1942777961002
11.0085974009581,19.8215473407183,11.0682442721009,20.1003975458159,11.0275375886156,19.9132344967878,11.0504334620539,19.9770768983374,11.1774858649448,20.1931481213565
11.0007478697864,19.8175104250768,11.0594534701425,20.0986960983278,11.0193761553851,19.9099665696589,11.0420888141102,19.9743457550322,11.1686130358339,20.1919456130639
10.9929679451901,19.8133318256617,11.0506761318877,20.0969231287096,11.0112656944396,19.9065803475039,11.0337845033028,19.9715082579806,11.1597497014192,20.1906703126441
10.9851880205938,19.8091532262466,11.0419127226271,20.0950787687725,11.003159956518,19.9031703308644,11.0254859537368,19.9686353067795,11.1508963473687,20.1893223039262
10.9774910386476,19.804835895815,11.0331637097682,20.093163142362,10.9951143925719,19.8996440743453,11.0172348650974,19.9656575894124,11.1420534600012,20.1879016725332
10.9698014017229,19.8005062054105,11.0244300186489,20.0911764699913,10.9870789125324,19.896085900133,11.0089938972688,19.9626383861657,11.1332219887937,20.1864085737464
10.9621824706848,19.7960395605075,11.0157126007953,20.0891189883572,10.9790960740137,19.8924128255302,11.00079520273,19.9595155021428,11.1244029133848,20.1848431620939
10.9545635396467,19.7915729156046,11.0070117629383,20.0869908759902,10.9711188419329,19.8887162137108,10.9926035774651,19.9563574979207,11.1155965666541,20.1832055727322
10.9470318208821,19.7869742079856,10.9983277860129,20.0847922821446,10.9632054514679,19.8849080730112,10.984462763282,19.9530984108018,11.1068032514055,20.1814959303492
10.9395096842448,19.7823609721519,10.9896615900193,20.0825235016412,10.955304455663,19.8810668593103,10.9763344024226,19.9497971394997,11.0980239162925,20.1797144722536
10.9320630985516,19.7776162314687,10.9810141175582,20.0801848972514,10.9474601476399,19.8771147104705,10.9682519490102,19.9463953606986,11.089259539524,20.1778614880884
10.9246165128583,19.7728714907855,10.9723857082578,20.0777766608077,10.9396222732092,19.8731393610133,10.9601777932546,19.9429589159222,11.0805104894887,20.1759371249976
10.917325004845,19.7679490372437,10.9637766420468,20.0752990350849,10.9318943106824,19.8690224170748,10.9521896107563,19.9393990639389,11.0717770740243,20.1739416038692
10.9100398034056,19.7630193566189,10.9551896131565,20.0727530293336,10.9241779762131,19.8648778760847,10.9442143713832,19.935801507903,11.0630620627313,20.1718757411899
10.9027546019662,19.7580896759941,10.9466273899929,20.0701397126375,10.9164699866437,19.8607109173495,10.9362503150242,19.9321703513504,11.05436832908,20.1697403056706
10.8954706936446,19.7531467874066,10.93809049448,20.0674596464412,10.9087713770938,19.8565129247245,10.9282983507962,19.9284992620366,11.0456964895629,20.167535642611
10.8882095676801,19.7479711988172,10.9295790247505,20.0647132112651,10.9010965059057,19.8521376978267,10.9203692715097,19.9246786809128,11.0370467222848,20.1652619783512
10.8809484417157,19.7427956102277,10.9210870637447,20.0618988971176,10.8934282149512,19.8477398581074,10.9124486985078,19.9208242945399,11.0284130423962,20.1629181913672
10.874133306213,19.7377241268004,10.9126090712089,20.0590151650358,10.8860619876838,19.8433882858986,10.9047568281217,19.916987469442,11.0197897448002,20.1605034436106
10.8673954578926,19.7326541139335,10.9041592771863,20.0560670761212,10.8787567594905,19.8390162619277,10.8971164957025,19.9131191838542,11.0111912714664,20.1580222133513
10.8603491201579,19.7272342603678,10.895753757097,20.053060857349,10.8712606934227,19.834391684023,10.8893429369817,19.9090466434386,11.0026341920211,20.1554792798789
10.8533027824232,19.7218144068021,10.8873791594059,20.0499925037633,10.8637750023663,19.8297464313374,10.8815836511857,19.9049429866169,10.9941051938895,20.1528706650958
10.8466709398058,19.7165204360746,10.8790202864512,20.0468568122919,10.8565709586805,19.8251626681935,10.8740382017452,19.9008687937345,10.985588814208,20.1501921216117
10.8401315048566,19.7112545297056,10.8706898544496,20.0436588310227,10.8494380720573,19.8205768752628,10.8665519787199,19.8967774591446,10.9770979245097,20.1474484063085
10.8334092214761,19.7056843495869,10.8624031945665,20.0404049610923,10.8421979387046,19.8157696523854,10.8589951117822,19.8925057655625,10.9686482885423,20.1446448276027
10.8266830128983,19.7001076376402,10.854155081996,20.0370938956774,10.8349680986412,19.8109390576912,10.8514544211286,19.888202021535,10.9602348540412,20.1417797560412
10.8200646524991,19.6944313612425,10.8459374688386,20.033722949898,10.8278203885334,19.8060221635896,10.8439817217782,19.8838184970919,10.9518495590892,20.1388507169462
10.8134524285056,19.6887494197712,10.8377503801145,20.0302924894756,10.820687009884,19.8010816881189,10.8365261723007,19.8794023156674,10.9434924397426,20.1358582202108
10.8069440528715,19.682965830498,10.8295940181131,20.0268029069323,10.8136331721138,19.7960537712668,10.8291367316639,19.874905671825,10.9351636818803,20.1328028610018
10.8004440646472,19.6771738129534,10.8214684157133,20.0232544855732,10.8065952460683,19.7910006520849,10.8217656855013,19.87037531085,10.9268632988197,20.1296851134896
10.7940915570244,19.6712332086841,10.8133735933627,20.0196474680171,10.799665967687,19.7858289713538,10.8144825893349,19.8657412698518,10.9185912953903,20.1265053833434
10.7877390494015,19.6652926044148,10.8053093455852,20.0159820488442,10.7927469483306,19.780637850727,10.8072135979406,19.8610779389045,10.9103474538178,20.1232640154135
10.7813865417787,19.6593520001455,10.7972755094893,20.0122583941608,10.7858381339917,19.7754273446348,10.7999586272495,19.8563853997742,10.9021316041784,20.1199612981508
10.7750352300935,19.6534075613787,10.7892724361532,20.0084768993641,10.7789404389721,19.7701950283262,10.7927184519024,19.851661922949,10.8939441058948,20.1165977051942
10.7687653879283,19.6472019094436,10.7813004079016,20.0046379023716,10.7721074730141,19.7647694286803,10.7855333498845,19.8467789797158,10.8857852514598,20.1131736393858
10.7624955457632,19.6409962575085,10.7733546462984,20.0007392436809,10.7652833337288,19.7593239609001,10.7783601566595,19.841866174504,10.8776501084829,20.1096873640397
10.7565784162617,19.6350272726875,10.7654304993116,19.9967786879294,10.7587016165745,19.7540156494402,10.7713728614611,19.8370407970314,10.8695337684052,20.1061372751575
10.7507983809855,19.6291449867191,10.757536545819,19.9927605136178,10.7522214312857,19.7487459506558,10.7644680103838,19.8322298494876,10.8614449097716,20.1025274839521
10.744754511753,19.6227349117591,10.7496843276757,19.9886907926287,10.7455793298661,19.743107249112,10.7574510023792,19.8271289274393,10.8533954971499,20.098863208424
10.7387106425204,19.6163248367991,10.7418660779122,19.9845658895878,10.7389486158356,19.737450185588,10.7504498030802,19.8220002433699,10.8453777983439,20.0951407951856
10.7328840603673,19.6100362930438,10.7340711032053,19.9803803002162,10.7324705909986,19.7318539306599,10.7435676132979,19.8169019908551,10.8373808371663,20.0913553756591
10.7271017255137,19.6037668595594,10.7263078247197,19.9761386382936,10.7260326987592,19.7262517488653,10.7367221978471,19.8117851112179,10.8294131458319,20.0875114085011
10.7213058164727,19.5972417310179,10.7185859849648,19.9718466978676,10.7195996302982,19.7204623831498,10.7298896074862,19.8065149286422,10.8214848303651,20.0836140535417
10.7155099074318,19.5907166024764,10.710901744325,19.9675028995221,10.7131791556337,19.7146557687269,10.7230746755899,19.8012185691982,10.8135921694399,20.0796615806705
10.7098224472777,19.5841142951541,10.7032497626045,19.9631047852744,10.706841797549,19.7087796265052,10.7163289104306,19.7958563040617,10.8057297760099,20.0756517174887
10.7041465221888,19.5775037787824,10.6956304527509,19.9586529765295,10.7005230850239,19.7028801419942,10.7096040686142,19.7904629150223,10.7978980539022,20.0715851940872
10.6985732864875,19.5708071361462,10.6880441780741,19.9541482102585,10.6942839087648,19.6969056152342,10.7029459175423,19.7849998002926,10.790097348268,20.0674628799026
10.6930055567845,19.5641058755931,10.6804905860007,19.9495909699575,10.6880593624688,19.6909105450534,10.6963056933459,19.7795079575801,10.7823272785259,20.0632854155312
10.6875274457294,19.5573442181012,10.6729693302091,19.944981607879,10.6819054059605,19.6848578618759,10.6897252808474,19.7739596756086,10.7745874673287,20.0590532966663
10.6820865242209,19.5505574973574,10.6654807383467,19.9403208665306,10.675787195254,19.6787713691084,10.6831786375699,19.7683729828863,10.7668782405906,20.054767349735
10.6767244852104,19.5437209120998,10.6580252880064,19.9356094964801,10.6697326841923,19.672634783341,10.676686857002,19.7627358421318,10.7592001002497,20.0504283511828
10.6713956626717,19.5368633294949,10.6506034699374,19.9308483349828,10.663711591447,19.6664676292432,10.6702273612373,19.7570630935577,10.7515535833967,20.0460371301376
10.6661572457328,19.5299243543109,10.643215760924,19.9260382782333,10.657762200971,19.6602299429913,10.6638289940544,19.7513249759786,10.7439392261138,20.0415945572828
10.6609207130356,19.522984938295,10.6358617747527,19.9211795704237,10.6518253695803,19.6539757735844,10.6574473012051,19.7455620912395,10.7363566731278,20.0371008901388
10.6558250541869,19.5160164781076,10.628541088776,19.9162723341071,10.6459936162989,19.647686092349,10.651151563861,19.7397602030425,10.7288055147973,20.0325562868224
10.6507315526643,19.5090469494553,10.6212573261194,19.9113193502326,10.6401756674751,19.6413804819033,10.6448742792062,19.7339346207408,10.7212895507145,20.0279632996021
10.6457531869741,19.502020397165,10.614013912437,19.9063235650008,10.6344479789949,19.6350226273987,10.6386736951501,19.7280587762866,10.7138124849452,20.0233245067271
10.640777506789,19.4949924143475,10.6068103225298,19.9012852958375,10.6287354073066,19.6286496980779,10.6324933238075,19.7221606332687,10.7063739872652,20.0186399986443
